,date,team1Name,team1Points,team2Name,team2Points,venue,teamType,referee,totalPoints,result,day,month,season,avgLast5ScoresTeam1,avgLast5ScoresAgainstTeam1,avgLast5ScoresTeam2,avgLast5ScoresAgainstTeam2,avgLast5BpsTeam1,avgLast5BpsAgainstTeam1,avgLast5BpsTeam2,avgLast5BpsAgainstTeam2,avgLast5TriesTeam1,avgLast5ConversionsTeam1,avgLast5PenaltiesTeam1,avgLast5DropGoalsTeam1,avgLast5TriesAgainstTeam1,avgLast5ConversionsAgainstTeam1,avgLast5PenaltiesAgainstTeam1,avgLast5DropGoalsAgainstTeam1,avgLast5TriesTeam2,avgLast5ConversionsTeam2,avgLast5PenaltiesTeam2,avgLast5DropGoalsTeam2,avgLast5TriesAgainstTeam2,avgLast5ConversionsAgainstTeam2,avgLast5PenaltiesAgainstTeam2,avgLast5DropGoalsAgainstTeam2,targetCode,wonLastGameTeam1,wonLastGameTeam2,team1LastSeasonStanding,team2LastSeasonStanding
120,2014-10-10,Leicester,22,Harlequins,16,Welford Road,home,Tim Wigglesworth,38,W,Fri,Oct,2014-15,19.0,27.4,22.2,22.6,0.4,0.4,0.2,0.4,1.6,1.0,3.0,0.0,2.6,2.4,3.0,0.2,2.4,2.4,1.6,0.2,1.8,1.4,3.6,0.0,1,0.0,1,3,4
159,2014-10-10,Harlequins,16,Leicester,22,Welford Road,away,Tim Wigglesworth,38,L,Fri,Oct,2014-15,22.2,22.6,19.0,27.4,0.2,0.4,0.4,0.4,2.4,2.4,1.6,0.2,1.8,1.4,3.6,0.0,1.6,1.0,3.0,0.0,2.6,2.4,3.0,0.2,0,1.0,0,4,3
256,2014-10-11,London Welsh,3,Newcastle,23,Kassam Stadium,home,Wayne Barnes,26,L,Sat,Oct,2014-15,8.8,49.8,18.4,30.0,0.2,1.0,0.2,0.8,1.2,0.8,0.4,0.0,6.6,6.0,1.6,0.0,2.2,1.0,1.8,0.0,3.4,2.0,3.0,0.0,0,0.0,1,13,11
82,2014-10-11,Saracens,28,Gloucester,21,Allianz Park,home,Dean Richards,49,W,Sat,Oct,2014-15,32.0,20.0,28.2,26.2,0.4,0.6,0.4,0.6,3.0,2.8,3.8,0.0,2.4,1.6,1.6,0.0,3.0,2.4,2.8,0.0,3.0,2.0,2.4,0.0,1,0.0,1,1,9
200,2014-10-11,Exeter,44,London Irish,24,Sandy Park,home,Ian Tempest,68,W,Sat,Oct,2014-15,31.4,17.6,20.2,22.4,0.6,0.2,0.8,0.4,3.2,2.6,3.4,0.0,1.8,1.0,2.2,0.0,1.4,1.2,3.6,0.0,2.0,1.4,3.2,0.0,1,0.0,0,8,10
239,2014-10-11,Newcastle,23,London Welsh,3,Kassam Stadium,away,Wayne Barnes,26,W,Sat,Oct,2014-15,18.4,30.0,8.8,49.8,0.2,0.8,0.2,1.0,2.2,1.0,1.8,0.0,3.4,2.0,3.0,0.0,1.2,0.8,0.4,0.0,6.6,6.0,1.6,0.0,1,1.0,0,11,13
41,2014-10-11,London Irish,24,Exeter,44,Sandy Park,away,Ian Tempest,68,L,Sat,Oct,2014-15,20.2,22.4,31.4,17.6,0.8,0.4,0.6,0.2,1.4,1.2,3.6,0.0,2.0,1.4,3.2,0.0,3.2,2.6,3.4,0.0,1.8,1.0,2.2,0.0,0,0.0,0,10,8
333,2014-10-11,Northampton,43,Sale,10,Franklin's Gardens,home,Andrew Small,53,W,Sat,Oct,2014-15,30.8,14.4,27.4,25.0,0.8,0.4,0.6,0.2,3.6,2.8,2.4,0.0,1.2,1.2,2.0,0.0,3.6,2.6,1.2,0.2,2.4,2.0,3.0,0.0,1,1.0,1,2,6
371,2014-10-11,Gloucester,21,Saracens,28,Allianz Park,away,Dean Richards,49,L,Sat,Oct,2014-15,28.2,26.2,32.0,20.0,0.4,0.6,0.4,0.6,3.0,2.4,2.8,0.0,3.0,2.0,2.4,0.0,3.0,2.8,3.8,0.0,2.4,1.6,1.6,0.0,0,1.0,0,9,1
294,2014-10-11,Sale,10,Northampton,43,Franklin's Gardens,away,Andrew Small,53,L,Sat,Oct,2014-15,27.4,25.0,30.8,14.4,0.6,0.2,0.8,0.4,3.6,2.6,1.2,0.2,2.4,2.0,3.0,0.0,3.6,2.8,2.4,0.0,1.2,1.2,2.0,0.0,0,1.0,1,6,2
413,2014-10-12,Bath,22,Wasps,29,Adams Park,away,JP Doyle,51,L,Sun,Oct,2014-15,34.4,17.6,24.0,23.8,0.6,0.4,0.6,0.4,3.8,3.2,2.8,0.2,2.2,1.8,1.0,0.0,2.8,2.0,2.0,0.0,2.4,2.0,2.2,0.4,0,1.0,0,5,7
0,2014-10-12,Wasps,29,Bath,22,Adams Park,home,JP Doyle,51,W,Sun,Oct,2014-15,24.0,23.8,34.4,17.6,0.6,0.4,0.6,0.4,2.8,2.0,2.0,0.0,2.4,2.0,2.2,0.4,3.8,3.2,2.8,0.2,2.2,1.8,1.0,0.0,1,0.0,1,7,5
42,2014-11-14,Northampton,18,Exeter,24,Franklin's Gardens,home,Dean Richards,42,L,Fri,Nov,2014-15,28.8,15.2,29.8,22.4,0.8,0.4,0.6,0.2,3.2,2.8,2.4,0.0,1.4,1.4,1.8,0.0,2.8,2.2,3.8,0.0,2.4,1.6,2.4,0.0,0,1.0,1,2,8
295,2014-11-14,Exeter,24,Northampton,18,Franklin's Gardens,away,Dean Richards,42,W,Fri,Nov,2014-15,29.8,22.4,28.8,15.2,0.6,0.2,0.8,0.4,2.8,2.2,3.8,0.0,2.4,1.6,2.4,0.0,3.2,2.8,2.4,0.0,1.4,1.4,1.8,0.0,1,1.0,1,8,2
121,2014-11-14,Gloucester,15,Harlequins,22,Kingsholm,home,Andrew Small,37,L,Fri,Nov,2014-15,31.2,21.2,21.4,24.0,0.6,0.4,0.4,0.2,3.4,2.6,3.0,0.0,2.0,1.4,2.8,0.0,2.2,2.2,1.8,0.2,2.0,1.6,3.6,0.0,0,0.0,0,9,4
83,2014-11-14,Harlequins,22,Gloucester,15,Kingsholm,away,Andrew Small,37,W,Fri,Nov,2014-15,21.4,24.0,31.2,21.2,0.4,0.2,0.6,0.4,2.2,2.2,1.8,0.2,2.0,1.6,3.6,0.0,3.4,2.6,3.0,0.0,2.0,1.4,2.8,0.0,1,0.0,0,4,9
257,2014-11-15,Bath,23,Newcastle,14,The Recreation Ground,home,Ian Tempest,37,W,Sat,Nov,2014-15,33.0,19.4,19.6,23.4,0.8,0.4,0.2,0.6,4.0,3.2,2.0,0.2,2.2,1.8,1.6,0.0,2.4,0.8,2.0,0.0,2.6,1.6,2.4,0.0,1,0.0,1,5,11
334,2014-11-15,London Irish,8,Sale,36,AJ Bell Stadium,away,Matthew Carley,44,L,Sat,Nov,2014-15,22.0,27.2,25.4,27.8,0.6,0.6,0.6,0.4,2.0,1.8,2.8,0.0,2.6,2.0,3.4,0.0,3.4,2.4,1.0,0.2,3.2,2.6,2.2,0.0,0,0.0,0,10,6
201,2014-11-15,Sale,36,London Irish,8,AJ Bell Stadium,home,Matthew Carley,44,W,Sat,Nov,2014-15,25.4,27.8,22.0,27.2,0.6,0.4,0.6,0.6,3.4,2.4,1.0,0.2,3.2,2.6,2.2,0.0,2.0,1.8,2.8,0.0,2.6,2.0,3.4,0.0,1,0.0,0,6,10
1,2014-11-15,Newcastle,14,Bath,23,The Recreation Ground,away,Ian Tempest,37,L,Sat,Nov,2014-15,19.6,23.4,33.0,19.4,0.2,0.6,0.8,0.4,2.4,0.8,2.0,0.0,2.6,1.6,2.4,0.0,4.0,3.2,2.0,0.2,2.2,1.8,1.6,0.0,0,1.0,0,11,5
160,2014-11-16,Saracens,21,Leicester,21,Welford Road,away,Tim Wigglesworth,42,D,Sun,Nov,2014-15,30.8,18.6,16.2,27.2,0.2,0.6,0.2,0.6,2.8,2.4,4.0,0.0,2.2,1.4,1.6,0.0,1.0,0.8,3.2,0.0,2.4,2.2,3.4,0.2,0,1.0,1,1,3
372,2014-11-16,Leicester,21,Saracens,21,Welford Road,home,Tim Wigglesworth,42,D,Sun,Nov,2014-15,16.2,27.2,30.8,18.6,0.2,0.6,0.2,0.6,1.0,0.8,3.2,0.0,2.4,2.2,3.4,0.2,2.8,2.4,4.0,0.0,2.2,1.4,1.6,0.0,0,1.0,1,3,1
240,2014-11-16,Wasps,71,London Welsh,7,Adams Park,home,Thomas Foley,78,W,Sun,Nov,2014-15,24.2,21.4,9.4,44.0,0.4,0.4,0.2,0.8,2.6,2.0,2.4,0.0,2.2,1.6,2.0,0.4,1.2,0.8,0.6,0.0,5.8,4.8,1.8,0.0,1,1.0,0,7,13
414,2014-11-16,London Welsh,7,Wasps,71,Adams Park,away,Thomas Foley,78,L,Sun,Nov,2014-15,9.4,44.0,24.2,21.4,0.2,0.8,0.4,0.4,1.2,0.8,0.6,0.0,5.8,4.8,1.8,0.0,2.6,2.0,2.4,0.0,2.2,1.6,2.0,0.4,0,0.0,1,13,7
122,2014-11-21,Sale,16,Harlequins,12,Twickenham Stoop,away,Thomas Foley,28,W,Fri,Nov,2014-15,27.2,22.6,25.8,19.2,0.4,0.4,0.4,0.4,3.6,2.8,1.0,0.2,2.8,2.2,1.4,0.0,2.8,2.6,2.0,0.2,1.4,1.0,3.4,0.0,1,1.0,1,6,4
84,2014-11-21,Newcastle,20,Gloucester,10,Kingston Park,home,Tim Wigglesworth,30,W,Fri,Nov,2014-15,18.8,24.0,27.4,20.2,0.0,0.6,0.8,0.0,2.2,1.2,1.8,0.0,2.6,1.6,2.4,0.2,2.8,2.2,3.0,0.0,1.8,1.4,2.8,0.0,1,0.0,0,11,9
258,2014-11-21,Gloucester,10,Newcastle,20,Kingston Park,away,Tim Wigglesworth,30,L,Fri,Nov,2014-15,27.4,20.2,18.8,24.0,0.8,0.0,0.0,0.6,2.8,2.2,3.0,0.0,1.8,1.4,2.8,0.0,2.2,1.2,1.8,0.0,2.6,1.6,2.4,0.2,0,0.0,0,9,11
335,2014-11-21,Harlequins,12,Sale,16,Twickenham Stoop,home,Thomas Foley,28,L,Fri,Nov,2014-15,25.8,19.2,27.2,22.6,0.4,0.4,0.4,0.4,2.8,2.6,2.0,0.2,1.4,1.0,3.4,0.0,3.6,2.8,1.0,0.2,2.8,2.2,1.4,0.0,0,1.0,1,4,6
415,2014-11-22,Exeter,31,Wasps,15,Sandy Park,home,Ian Tempest,46,W,Sat,Nov,2014-15,30.6,21.2,34.4,19.6,0.4,0.4,0.6,0.2,3.0,2.4,3.6,0.0,2.4,1.6,2.0,0.0,4.4,3.2,2.0,0.0,2.2,1.6,1.4,0.4,1,1.0,1,8,7
202,2014-11-22,Bath,33,London Irish,23,Madejski Stadium,away,Andrew Small,56,W,Sat,Nov,2014-15,27.0,17.0,19.6,30.8,0.6,0.2,0.6,0.6,3.0,2.4,2.0,0.4,1.8,1.6,1.6,0.0,1.8,1.4,2.6,0.0,3.0,2.8,3.4,0.0,1,1.0,0,5,10
43,2014-11-22,Wasps,15,Exeter,31,Sandy Park,away,Ian Tempest,46,L,Sat,Nov,2014-15,34.4,19.6,30.6,21.2,0.6,0.2,0.4,0.4,4.4,3.2,2.0,0.0,2.2,1.6,1.4,0.4,3.0,2.4,3.6,0.0,2.4,1.6,2.0,0.0,0,1.0,1,7,8
2,2014-11-22,London Irish,23,Bath,33,Madejski Stadium,home,Andrew Small,56,L,Sat,Nov,2014-15,19.6,30.8,27.0,17.0,0.6,0.6,0.6,0.2,1.8,1.4,2.6,0.0,3.0,2.8,3.4,0.0,3.0,2.4,2.0,0.4,1.8,1.6,1.6,0.0,0,0.0,1,10,5
296,2014-11-23,Saracens,24,Northampton,31,Allianz Park,home,Matthew Carley,55,L,Sun,Nov,2014-15,27.2,22.8,29.2,16.0,0.2,0.6,0.8,0.4,2.2,1.8,4.2,0.0,2.2,1.4,3.0,0.0,3.4,2.8,2.2,0.0,1.6,1.6,1.6,0.0,0,0.0,0,1,2
241,2014-11-23,Leicester,26,London Welsh,5,Kassam Stadium,away,Dean Richards,31,W,Sun,Nov,2014-15,15.6,27.4,5.6,47.6,0.2,0.4,0.0,0.8,0.6,0.6,3.8,0.0,2.0,1.8,4.4,0.2,0.6,0.4,0.6,0.0,6.6,5.2,1.4,0.0,1,0.0,0,3,13
161,2014-11-23,London Welsh,5,Leicester,26,Kassam Stadium,home,Dean Richards,31,L,Sun,Nov,2014-15,5.6,47.6,15.6,27.4,0.0,0.8,0.2,0.4,0.6,0.4,0.6,0.0,6.6,5.2,1.4,0.0,0.6,0.6,3.8,0.0,2.0,1.8,4.4,0.2,0,0.0,1,13,3
373,2014-11-23,Northampton,31,Saracens,24,Allianz Park,away,Matthew Carley,55,W,Sun,Nov,2014-15,29.2,16.0,27.2,22.8,0.8,0.4,0.2,0.6,3.4,2.8,2.2,0.0,1.6,1.6,1.6,0.0,2.2,1.8,4.2,0.0,2.2,1.4,3.0,0.0,1,0.0,1,2,1
3,2014-11-28,Harlequins,6,Bath,25,The Recreation Ground,away,Wayne Barnes,31,L,Fri,Nov,2014-15,23.0,17.8,24.6,21.6,0.6,0.2,0.4,0.2,2.4,2.2,2.2,0.0,1.0,1.0,3.6,0.0,2.6,2.2,2.2,0.2,2.2,2.0,2.2,0.0,0,0.0,1,4,5
123,2014-11-28,Bath,25,Harlequins,6,The Recreation Ground,home,Wayne Barnes,31,W,Fri,Nov,2014-15,24.6,21.6,23.0,17.8,0.4,0.2,0.6,0.2,2.6,2.2,2.2,0.2,2.2,2.0,2.2,0.0,2.4,2.2,2.2,0.0,1.0,1.0,3.6,0.0,1,1.0,0,5,4
416,2014-11-29,Leicester,18,Wasps,16,Welford Road,home,Luke Pearce,34,W,Sat,Nov,2014-15,20.8,19.4,32.8,20.6,0.4,0.2,0.4,0.2,1.4,1.2,3.8,0.0,1.2,1.0,3.8,0.0,4.2,3.2,1.8,0.0,2.4,1.6,1.6,0.2,1,1.0,0,3,7
44,2014-11-29,Saracens,19,Exeter,27,Sandy Park,away,Greg Garner,46,L,Sat,Nov,2014-15,24.8,22.6,31.8,19.8,0.4,0.2,0.4,0.2,2.2,1.2,3.8,0.0,2.0,1.2,3.4,0.0,3.4,2.6,3.2,0.0,2.2,1.4,2.0,0.0,0,0.0,1,1,8
162,2014-11-29,Wasps,16,Leicester,18,Welford Road,away,Luke Pearce,34,L,Sat,Nov,2014-15,32.8,20.6,20.8,19.4,0.4,0.2,0.4,0.2,4.2,3.2,1.8,0.0,2.4,1.6,1.6,0.2,1.4,1.2,3.8,0.0,1.2,1.0,3.8,0.0,0,0.0,1,7,3
374,2014-11-29,Exeter,27,Saracens,19,Sandy Park,home,Greg Garner,46,W,Sat,Nov,2014-15,31.8,19.8,24.8,22.6,0.4,0.2,0.4,0.2,3.4,2.6,3.2,0.0,2.2,1.4,2.0,0.0,2.2,1.2,3.8,0.0,2.0,1.2,3.4,0.0,1,1.0,0,8,1
85,2014-11-30,London Irish,9,Gloucester,21,Madejski Stadium,home,Matthew Carley,30,L,Sun,Nov,2014-15,17.8,30.2,25.0,19.2,0.2,0.6,0.6,0.0,1.4,1.2,2.8,0.0,3.0,2.8,3.2,0.0,2.4,2.0,3.0,0.0,1.8,1.2,2.6,0.0,0,0.0,0,10,9
259,2014-11-30,Sale,18,Newcastle,13,Kingston Park,away,Dean Richards,31,W,Sun,Nov,2014-15,21.2,23.4,20.8,19.0,0.2,0.6,0.0,0.4,2.6,2.0,1.2,0.2,2.6,2.2,2.0,0.0,2.2,1.0,2.6,0.0,2.0,1.2,2.0,0.2,1,1.0,1,6,11
336,2014-11-30,Newcastle,13,Sale,18,Kingston Park,home,Dean Richards,31,L,Sun,Nov,2014-15,20.8,19.0,21.2,23.4,0.0,0.4,0.2,0.6,2.2,1.0,2.6,0.0,2.0,1.2,2.0,0.2,2.6,2.0,1.2,0.2,2.6,2.2,2.0,0.0,0,1.0,1,11,6
297,2014-11-30,London Welsh,14,Northampton,43,Kassam Stadium,home,Tim Wigglesworth,57,L,Sun,Nov,2014-15,5.0,43.6,28.4,18.8,0.0,0.8,0.6,0.6,0.6,0.4,0.4,0.0,6.2,4.8,1.0,0.0,3.2,2.6,2.4,0.0,2.0,1.4,2.0,0.0,0,0.0,1,13,2
242,2014-11-30,Northampton,43,London Welsh,14,Kassam Stadium,away,Tim Wigglesworth,57,W,Sun,Nov,2014-15,28.4,18.8,5.0,43.6,0.6,0.6,0.0,0.8,3.2,2.6,2.4,0.0,2.0,1.4,2.0,0.0,0.6,0.4,0.4,0.0,6.2,4.8,1.0,0.0,1,1.0,0,2,13
203,2014-11-30,Gloucester,21,London Irish,9,Madejski Stadium,away,Matthew Carley,30,W,Sun,Nov,2014-15,25.0,19.2,17.8,30.2,0.6,0.0,0.2,0.6,2.4,2.0,3.0,0.0,1.8,1.2,2.6,0.0,1.4,1.2,2.8,0.0,3.0,2.8,3.2,0.0,1,0.0,0,9,10
337,2014-12-19,Exeter,11,Sale,18,AJ Bell Stadium,away,Wayne Barnes,29,L,Fri,Dec,2014-15,30.0,21.0,21.0,18.0,0.4,0.2,0.2,0.6,2.8,2.0,4.0,0.0,2.2,1.4,2.4,0.0,2.4,1.8,1.6,0.2,2.0,1.6,1.6,0.0,0,1.0,1,8,6
45,2014-12-19,Sale,18,Exeter,11,AJ Bell Stadium,home,Wayne Barnes,29,W,Fri,Dec,2014-15,21.0,18.0,30.0,21.0,0.2,0.6,0.4,0.2,2.4,1.8,1.6,0.2,2.0,1.6,1.6,0.0,2.8,2.0,4.0,0.0,2.2,1.4,2.4,0.0,1,1.0,1,6,8
4,2014-12-20,Gloucester,16,Bath,39,Kingsholm,home,Greg Garner,55,L,Sat,Dec,2014-15,20.0,19.0,24.8,16.6,0.4,0.0,0.4,0.0,1.6,1.2,3.2,0.0,1.6,1.0,3.0,0.0,2.8,1.8,2.2,0.2,1.4,1.2,2.4,0.0,0,1.0,1,9,5
124,2014-12-20,Newcastle,7,Harlequins,15,Twickenham Stoop,away,Matthew Carley,22,L,Sat,Dec,2014-15,19.8,15.6,21.6,15.6,0.2,0.2,0.6,0.4,2.0,1.0,2.6,0.0,1.6,0.8,1.8,0.2,2.2,2.0,2.2,0.0,1.2,0.6,2.8,0.0,0,0.0,0,11,4
243,2014-12-20,Saracens,78,London Welsh,7,Allianz Park,home,Ian Tempest,85,W,Sat,Dec,2014-15,20.6,24.2,5.8,43.0,0.2,0.2,0.0,0.8,1.6,0.6,3.8,0.0,1.4,0.8,5.2,0.0,0.8,0.6,0.2,0.0,6.4,4.6,0.6,0.0,1,0.0,0,1,13
375,2014-12-20,London Welsh,7,Saracens,78,Allianz Park,away,Ian Tempest,85,L,Sat,Dec,2014-15,5.8,43.0,20.6,24.2,0.0,0.8,0.2,0.2,0.8,0.6,0.2,0.0,6.4,4.6,0.6,0.0,1.6,0.6,3.8,0.0,1.4,0.8,5.2,0.0,0,0.0,0,13,1
86,2014-12-20,Bath,39,Gloucester,16,Kingsholm,away,Greg Garner,55,W,Sat,Dec,2014-15,24.8,16.6,20.0,19.0,0.4,0.0,0.4,0.0,2.8,1.8,2.2,0.2,1.4,1.2,2.4,0.0,1.6,1.2,3.2,0.0,1.6,1.0,3.0,0.0,1,1.0,1,5,9
163,2014-12-20,Northampton,23,Leicester,19,Franklin's Gardens,home,JP Doyle,42,W,Sat,Dec,2014-15,30.8,16.8,20.6,18.2,0.6,0.4,0.2,0.4,3.8,2.6,2.2,0.0,1.8,1.2,1.8,0.0,1.2,1.0,4.2,0.0,1.2,1.0,3.4,0.0,1,1.0,1,2,3
298,2014-12-20,Leicester,19,Northampton,23,Franklin's Gardens,away,JP Doyle,42,L,Sat,Dec,2014-15,20.6,18.2,30.8,16.8,0.2,0.4,0.6,0.4,1.2,1.0,4.2,0.0,1.2,1.0,3.4,0.0,3.8,2.6,2.2,0.0,1.8,1.2,1.8,0.0,0,1.0,1,3,2
260,2014-12-20,Harlequins,15,Newcastle,7,Twickenham Stoop,home,Matthew Carley,22,W,Sat,Dec,2014-15,21.6,15.6,19.8,15.6,0.6,0.4,0.2,0.2,2.2,2.0,2.2,0.0,1.2,0.6,2.8,0.0,2.0,1.0,2.6,0.0,1.6,0.8,1.8,0.2,1,0.0,0,4,11
417,2014-12-21,London Irish,16,Wasps,48,Ricoh Arena,away,Thomas Foley,64,L,Sun,Dec,2014-15,15.2,30.6,29.0,20.6,0.2,0.4,0.4,0.2,1.2,1.0,2.4,0.0,3.2,2.8,3.0,0.0,3.6,2.8,1.8,0.0,2.0,1.4,2.4,0.2,0,0.0,0,10,7
204,2014-12-21,Wasps,48,London Irish,16,Ricoh Arena,home,Thomas Foley,64,W,Sun,Dec,2014-15,29.0,20.6,15.2,30.6,0.4,0.2,0.2,0.4,3.6,2.8,1.8,0.0,2.0,1.4,2.4,0.2,1.2,1.0,2.4,0.0,3.2,2.8,3.0,0.0,1,0.0,0,7,10
244,2014-12-26,London Irish,24,London Welsh,9,Madejski Stadium,home,Greg Garner,33,W,Fri,Dec,2014-15,16.0,36.4,7.2,48.2,0.0,0.6,0.0,0.8,1.4,1.2,2.2,0.0,3.8,3.0,3.8,0.0,1.0,0.8,0.2,0.0,7.2,5.2,0.6,0.0,1,0.0,0,10,13
205,2014-12-26,London Welsh,9,London Irish,24,Madejski Stadium,away,Greg Garner,33,L,Fri,Dec,2014-15,7.2,48.2,16.0,36.4,0.0,0.8,0.0,0.6,1.0,0.8,0.2,0.0,7.2,5.2,0.6,0.0,1.4,1.2,2.2,0.0,3.8,3.0,3.8,0.0,0,0.0,0,13,10
164,2014-12-27,Sale,30,Leicester,32,AJ Bell Stadium,home,Tim Wigglesworth,62,L,Sat,Dec,2014-15,19.6,17.4,21.2,16.2,0.2,0.8,0.4,0.4,2.2,1.6,1.8,0.0,1.8,1.2,2.0,0.0,1.6,1.2,3.6,0.0,1.2,0.6,3.0,0.0,0,1.0,0,6,3
299,2014-12-27,Harlequins,25,Northampton,30,Twickenham Stadium,home,Wayne Barnes,55,L,Sat,Dec,2014-15,14.2,17.0,31.6,18.2,0.4,0.4,0.6,0.4,0.8,0.6,3.0,0.0,1.4,0.8,2.8,0.0,4.2,2.6,1.8,0.0,2.4,1.6,1.0,0.0,0,1.0,1,4,2
261,2014-12-27,Saracens,25,Newcastle,23,Kingston Park,away,Luke Pearce,48,W,Sat,Dec,2014-15,34.0,21.4,15.4,13.8,0.4,0.2,0.2,0.0,3.6,2.6,3.6,0.0,1.2,0.8,4.6,0.0,1.6,1.0,1.8,0.0,1.0,0.8,2.2,0.2,1,1.0,0,1,11
125,2014-12-27,Northampton,30,Harlequins,25,Twickenham Stadium,away,Wayne Barnes,55,W,Sat,Dec,2014-15,31.6,18.2,14.2,17.0,0.6,0.4,0.4,0.4,4.2,2.6,1.8,0.0,2.4,1.6,1.0,0.0,0.8,0.6,3.0,0.0,1.4,0.8,2.8,0.0,1,1.0,1,2,4
338,2014-12-27,Leicester,32,Sale,30,AJ Bell Stadium,away,Tim Wigglesworth,62,W,Sat,Dec,2014-15,21.2,16.2,19.6,17.4,0.4,0.4,0.2,0.8,1.6,1.2,3.6,0.0,1.2,0.6,3.0,0.0,2.2,1.6,1.8,0.0,1.8,1.2,2.0,0.0,1,0.0,1,3,6
5,2014-12-27,Exeter,14,Bath,31,The Recreation Ground,away,JP Doyle,45,L,Sat,Dec,2014-15,27.4,18.8,28.4,17.6,0.4,0.2,0.4,0.0,2.4,2.0,3.8,0.0,2.0,1.4,2.0,0.0,3.0,2.2,2.8,0.2,1.4,1.4,2.6,0.0,0,0.0,1,8,5
376,2014-12-27,Newcastle,23,Saracens,25,Kingston Park,home,Luke Pearce,48,L,Sat,Dec,2014-15,15.4,13.8,34.0,21.4,0.2,0.0,0.4,0.2,1.6,1.0,1.8,0.0,1.0,0.8,2.2,0.2,3.6,2.6,3.6,0.0,1.2,0.8,4.6,0.0,0,0.0,1,11,1
46,2014-12-27,Bath,31,Exeter,14,The Recreation Ground,home,JP Doyle,45,W,Sat,Dec,2014-15,28.4,17.6,27.4,18.8,0.4,0.0,0.4,0.2,3.0,2.2,2.8,0.2,1.4,1.4,2.6,0.0,2.4,2.0,3.8,0.0,2.0,1.4,2.0,0.0,1,1.0,0,5,8
87,2014-12-28,Wasps,30,Gloucester,23,Kingsholm,away,Dean Richards,53,W,Sun,Dec,2014-15,35.8,18.8,16.6,23.6,0.6,0.2,0.4,0.0,4.0,2.8,3.4,0.0,1.6,1.2,2.8,0.0,1.2,0.8,3.0,0.0,2.0,1.4,3.6,0.0,1,1.0,0,7,9
418,2014-12-28,Gloucester,23,Wasps,30,Kingsholm,home,Dean Richards,53,L,Sun,Dec,2014-15,16.6,23.6,35.8,18.8,0.4,0.0,0.6,0.2,1.2,0.8,3.0,0.0,2.0,1.4,3.6,0.0,4.0,2.8,3.4,0.0,1.6,1.2,2.8,0.0,0,0.0,1,9,7
300,2015-01-02,Newcastle,31,Northampton,39,Franklin's Gardens,away,Ian Tempest,70,L,Fri,Jan,2014-15,15.4,18.2,29.0,21.2,0.4,0.0,0.4,0.6,1.6,1.0,1.8,0.0,1.6,1.2,2.4,0.2,3.6,2.2,2.2,0.0,2.8,1.8,1.2,0.0,0,0.0,1,11,2
262,2015-01-02,Northampton,39,Newcastle,31,Franklin's Gardens,home,Ian Tempest,70,W,Fri,Jan,2014-15,29.0,21.2,15.4,18.2,0.4,0.6,0.4,0.0,3.6,2.2,2.2,0.0,2.8,1.8,1.2,0.0,1.6,1.0,1.8,0.0,1.6,1.2,2.4,0.2,1,1.0,0,2,11
88,2015-01-03,Exeter,25,Gloucester,26,Sandy Park,home,Andrew Small,51,L,Sat,Jan,2014-15,21.4,20.2,17.0,24.0,0.2,0.4,0.4,0.0,1.8,1.4,3.2,0.0,2.2,1.6,2.0,0.0,1.2,1.0,3.0,0.0,2.0,1.6,3.6,0.0,0,0.0,0,8,9
377,2015-01-03,London Irish,6,Saracens,22,Allianz Park,away,Tim Wigglesworth,28,L,Sat,Jan,2014-15,16.0,29.4,33.4,21.8,0.0,0.4,0.4,0.2,1.4,1.2,2.2,0.0,2.8,2.0,3.8,0.0,3.6,2.6,3.4,0.0,1.4,0.8,4.4,0.0,0,1.0,1,10,1
206,2015-01-03,Saracens,22,London Irish,6,Allianz Park,home,Tim Wigglesworth,28,W,Sat,Jan,2014-15,33.4,21.8,16.0,29.4,0.4,0.2,0.0,0.4,3.6,2.6,3.4,0.0,1.4,0.8,4.4,0.0,1.4,1.2,2.2,0.0,2.8,2.0,3.8,0.0,1,1.0,1,1,10
47,2015-01-03,Gloucester,26,Exeter,25,Sandy Park,away,Andrew Small,51,W,Sat,Jan,2014-15,17.0,24.0,21.4,20.2,0.4,0.0,0.2,0.4,1.2,1.0,3.0,0.0,2.0,1.6,3.6,0.0,1.8,1.4,3.2,0.0,2.2,1.6,2.0,0.0,1,0.0,0,9,8
6,2015-01-04,Leicester,17,Bath,8,Welford Road,home,Matthew Carley,25,W,Sun,Jan,2014-15,23.2,19.0,30.2,14.6,0.6,0.6,0.4,0.0,2.2,1.6,3.0,0.0,1.8,0.8,2.8,0.0,3.2,2.6,2.8,0.2,1.4,1.4,1.6,0.0,1,1.0,1,3,5
339,2015-01-04,Wasps,41,Sale,16,Ricoh Arena,home,Greg Garner,57,W,Sun,Jan,2014-15,36.0,19.0,23.6,15.2,0.6,0.2,0.6,0.8,4.2,3.0,3.0,0.0,1.4,1.2,3.2,0.0,2.8,1.8,2.0,0.0,1.4,0.8,2.2,0.0,1,1.0,0,7,6
245,2015-01-04,Harlequins,24,London Welsh,13,Kassam Stadium,away,JP Doyle,37,W,Sun,Jan,2014-15,16.0,18.6,8.4,48.4,0.4,0.4,0.0,0.8,1.2,0.8,2.8,0.0,1.8,1.2,2.4,0.0,1.0,0.8,0.6,0.0,7.2,5.6,0.4,0.0,1,0.0,0,4,13
126,2015-01-04,London Welsh,13,Harlequins,24,Kassam Stadium,home,JP Doyle,37,L,Sun,Jan,2014-15,8.4,48.4,16.0,18.6,0.0,0.8,0.4,0.4,1.0,0.8,0.6,0.0,7.2,5.6,0.4,0.0,1.2,0.8,2.8,0.0,1.8,1.2,2.4,0.0,0,0.0,0,13,4
419,2015-01-04,Sale,16,Wasps,41,Ricoh Arena,away,Greg Garner,57,L,Sun,Jan,2014-15,23.6,15.2,36.0,19.0,0.6,0.8,0.6,0.2,2.8,1.8,2.0,0.0,1.4,0.8,2.2,0.0,4.2,3.0,3.0,0.0,1.4,1.2,3.2,0.0,0,0.0,1,6,7
165,2015-01-04,Bath,8,Leicester,17,Welford Road,away,Matthew Carley,25,L,Sun,Jan,2014-15,30.2,14.6,23.2,19.0,0.4,0.0,0.6,0.6,3.2,2.6,2.8,0.2,1.4,1.4,1.6,0.0,2.2,1.6,3.0,0.0,1.8,0.8,2.8,0.0,0,1.0,1,5,3
89,2015-01-09,Saracens,23,Gloucester,24,Kingsholm,away,JP Doyle,47,L,Fri,Jan,2014-15,33.6,18.8,19.2,24.6,0.4,0.2,0.2,0.2,4.0,2.6,2.8,0.0,1.4,0.8,3.4,0.0,1.6,1.4,2.6,0.2,2.0,1.6,3.8,0.0,0,1.0,1,1,9
378,2015-01-09,Gloucester,24,Saracens,23,Kingsholm,home,JP Doyle,47,W,Fri,Jan,2014-15,19.2,24.6,33.6,18.8,0.2,0.2,0.4,0.2,1.6,1.4,2.6,0.2,2.0,1.6,3.8,0.0,4.0,2.6,2.8,0.0,1.4,0.8,3.4,0.0,1,1.0,1,9,1
166,2015-01-10,Harlequins,32,Leicester,12,Twickenham Stoop,home,Luke Pearce,44,W,Sat,Jan,2014-15,16.4,18.2,22.4,16.4,0.6,0.2,0.6,0.6,1.4,0.8,2.6,0.0,2.0,1.4,1.8,0.0,2.4,1.6,2.4,0.0,2.0,0.8,1.6,0.0,1,1.0,1,4,3
7,2015-01-10,Wasps,26,Bath,39,The Recreation Ground,away,Andrew Small,65,L,Sat,Jan,2014-15,30.0,20.8,27.2,15.2,0.6,0.2,0.4,0.0,3.0,2.4,3.2,0.2,1.4,1.2,3.8,0.0,3.0,2.2,2.6,0.0,1.2,1.0,2.4,0.0,0,1.0,0,7,5
420,2015-01-10,Bath,39,Wasps,26,The Recreation Ground,home,Andrew Small,65,W,Sat,Jan,2014-15,27.2,15.2,30.0,20.8,0.4,0.0,0.6,0.2,3.0,2.2,2.6,0.0,1.2,1.0,2.4,0.0,3.0,2.4,3.2,0.2,1.4,1.2,3.8,0.0,1,0.0,1,5,7
301,2015-01-10,Sale,20,Northampton,7,AJ Bell Stadium,home,Matthew Carley,27,W,Sat,Jan,2014-15,19.6,21.8,33.2,22.6,0.4,1.0,0.4,0.8,2.0,1.2,2.4,0.0,2.2,1.8,2.2,0.2,4.2,2.8,2.2,0.0,3.0,2.0,1.2,0.0,1,0.0,1,6,2
127,2015-01-10,Leicester,12,Harlequins,32,Twickenham Stoop,away,Luke Pearce,44,L,Sat,Jan,2014-15,22.4,16.4,16.4,18.2,0.6,0.6,0.6,0.2,2.4,1.6,2.4,0.0,2.0,0.8,1.6,0.0,1.4,0.8,2.6,0.0,2.0,1.4,1.8,0.0,0,1.0,1,3,4
340,2015-01-10,Northampton,7,Sale,20,AJ Bell Stadium,away,Matthew Carley,27,L,Sat,Jan,2014-15,33.2,22.6,19.6,21.8,0.4,0.8,0.4,1.0,4.2,2.8,2.2,0.0,3.0,2.0,1.2,0.0,2.0,1.2,2.4,0.0,2.2,1.8,2.2,0.2,0,1.0,0,2,6
263,2015-01-11,London Welsh,7,Newcastle,38,Kingston Park,away,Wayne Barnes,45,L,Sun,Jan,2014-15,9.6,39.0,18.8,21.4,0.0,0.8,0.6,0.2,1.0,0.8,1.0,0.0,5.8,4.4,0.4,0.0,2.0,1.4,2.0,0.0,2.2,1.6,2.4,0.0,0,0.0,0,13,11
207,2015-01-11,Exeter,26,London Irish,28,Madejski Stadium,away,Dean Richards,54,L,Sun,Jan,2014-15,21.6,21.8,15.6,26.6,0.4,0.2,0.0,0.2,1.8,1.2,3.4,0.0,2.2,1.8,2.2,0.2,1.2,1.2,2.4,0.0,2.2,1.2,4.4,0.0,0,0.0,0,8,10
48,2015-01-11,London Irish,28,Exeter,26,Madejski Stadium,home,Dean Richards,54,W,Sun,Jan,2014-15,15.6,26.6,21.6,21.8,0.0,0.2,0.4,0.2,1.2,1.2,2.4,0.0,2.2,1.2,4.4,0.0,1.8,1.2,3.4,0.0,2.2,1.8,2.2,0.2,1,0.0,0,10,8
246,2015-01-11,Newcastle,38,London Welsh,7,Kingston Park,home,Wayne Barnes,45,W,Sun,Jan,2014-15,18.8,21.4,9.6,39.0,0.6,0.2,0.0,0.8,2.0,1.4,2.0,0.0,2.2,1.6,2.4,0.0,1.0,0.8,1.0,0.0,5.8,4.4,0.4,0.0,1,0.0,0,11,13
90,2015-02-13,Leicester,18,Gloucester,15,Welford Road,home,JP Doyle,33,W,Fri,Feb,2014-15,19.6,21.8,22.0,25.2,0.4,0.8,0.2,0.4,1.6,1.0,3.2,0.0,2.6,1.4,2.0,0.0,1.8,1.4,3.2,0.2,2.4,1.8,3.2,0.0,1,0.0,1,3,9
167,2015-02-13,Gloucester,15,Leicester,18,Welford Road,away,JP Doyle,33,L,Fri,Feb,2014-15,22.0,25.2,19.6,21.8,0.2,0.4,0.4,0.8,1.8,1.4,3.2,0.2,2.4,1.8,3.2,0.0,1.6,1.0,3.2,0.0,2.6,1.4,2.0,0.0,0,1.0,0,9,3
208,2015-02-13,Northampton,15,London Irish,9,Franklin's Gardens,home,Andrew Small,24,W,Fri,Feb,2014-15,28.4,21.8,16.6,25.2,0.4,0.6,0.2,0.4,3.8,2.6,1.4,0.0,2.8,2.4,1.0,0.0,1.6,1.0,2.0,0.2,2.0,1.0,4.4,0.0,1,0.0,1,2,10
302,2015-02-13,London Irish,9,Northampton,15,Franklin's Gardens,away,Andrew Small,24,L,Fri,Feb,2014-15,16.6,25.2,28.4,21.8,0.2,0.4,0.4,0.6,1.6,1.0,2.0,0.2,2.0,1.0,4.4,0.0,3.8,2.6,1.4,0.0,2.8,2.4,1.0,0.0,0,1.0,0,10,2
264,2015-02-14,Exeter,46,Newcastle,17,Sandy Park,home,Thomas Foley,63,W,Sat,Feb,2014-15,20.6,24.4,22.4,20.8,0.6,0.4,0.8,0.2,1.6,1.2,3.4,0.0,2.6,1.8,2.2,0.4,3.0,2.2,1.0,0.0,2.2,1.6,2.2,0.0,1,0.0,1,8,11
49,2015-02-14,Newcastle,17,Exeter,46,Sandy Park,away,Thomas Foley,63,L,Sat,Feb,2014-15,22.4,20.8,20.6,24.4,0.8,0.2,0.6,0.4,3.0,2.2,1.0,0.0,2.2,1.6,2.2,0.0,1.6,1.2,3.4,0.0,2.6,1.8,2.2,0.4,0,1.0,0,11,8
341,2015-02-15,London Welsh,12,Sale,52,Kassam Stadium,home,Tim Wigglesworth,64,L,Sun,Feb,2014-15,10.0,41.4,20.4,20.8,0.0,0.8,0.4,0.8,1.0,1.0,1.0,0.0,6.2,4.6,0.4,0.0,2.2,1.4,2.2,0.0,2.4,2.0,1.4,0.2,0,0.0,1,13,6
379,2015-02-15,Bath,24,Saracens,34,Allianz Park,away,Luke Pearce,58,L,Sun,Feb,2014-15,28.4,15.8,33.4,17.4,0.6,0.2,0.4,0.2,3.4,2.4,2.2,0.0,1.6,1.2,1.8,0.0,4.0,2.8,2.6,0.0,1.2,0.6,3.4,0.0,0,1.0,0,5,1
8,2015-02-15,Saracens,34,Bath,24,Allianz Park,home,Luke Pearce,58,W,Sun,Feb,2014-15,33.4,17.4,28.4,15.8,0.4,0.2,0.6,0.2,4.0,2.8,2.6,0.0,1.2,0.6,3.4,0.0,3.4,2.4,2.2,0.0,1.6,1.2,1.8,0.0,1,0.0,1,1,5
247,2015-02-15,Sale,52,London Welsh,12,Kassam Stadium,away,Tim Wigglesworth,64,W,Sun,Feb,2014-15,20.4,20.8,10.0,41.4,0.4,0.8,0.0,0.8,2.2,1.4,2.2,0.0,2.4,2.0,1.4,0.2,1.0,1.0,1.0,0.0,6.2,4.6,0.4,0.0,1,1.0,0,6,13
128,2015-02-15,Wasps,37,Harlequins,6,Ricoh Arena,home,Greg Garner,43,W,Sun,Feb,2014-15,32.2,22.4,20.4,17.4,0.8,0.4,0.6,0.2,3.4,2.8,3.0,0.2,1.8,1.6,3.4,0.0,2.2,1.4,2.2,0.0,1.8,1.2,2.0,0.0,1,0.0,1,7,4
421,2015-02-15,Harlequins,6,Wasps,37,Ricoh Arena,away,Greg Garner,43,L,Sun,Feb,2014-15,20.4,17.4,32.2,22.4,0.6,0.2,0.8,0.4,2.2,1.4,2.2,0.0,1.8,1.2,2.0,0.0,3.4,2.8,3.0,0.2,1.8,1.6,3.4,0.0,0,1.0,0,4,7
265,2015-02-20,Wasps,23,Newcastle,23,Kingston Park,away,JP Doyle,46,D,Fri,Feb,2014-15,36.4,20.0,23.2,26.4,0.8,0.4,0.6,0.4,4.0,3.4,3.0,0.2,1.8,1.6,2.6,0.0,3.2,2.4,0.8,0.0,3.0,2.4,2.2,0.0,0,1.0,0,7,11
422,2015-02-20,Newcastle,23,Wasps,23,Kingston Park,home,JP Doyle,46,D,Fri,Feb,2014-15,23.2,26.4,36.4,20.0,0.6,0.4,0.8,0.4,3.2,2.4,0.8,0.0,3.0,2.4,2.2,0.0,4.0,3.4,3.0,0.2,1.8,1.6,2.6,0.0,0,0.0,1,11,7
129,2015-02-21,Exeter,32,Harlequins,21,Twickenham Stoop,away,Matthew Carley,53,W,Sat,Feb,2014-15,24.4,24.0,20.4,19.8,0.8,0.4,0.6,0.2,2.8,2.2,2.0,0.0,2.8,2.0,1.6,0.4,2.2,1.4,2.2,0.0,1.8,1.8,2.4,0.0,1,1.0,0,8,4
380,2015-02-21,Sale,14,Saracens,10,AJ Bell Stadium,home,Dean Richards,24,W,Sat,Feb,2014-15,27.2,20.6,36.4,16.8,0.6,0.6,0.4,0.2,3.4,2.4,1.8,0.0,2.6,2.0,1.0,0.2,4.4,3.0,2.8,0.0,1.8,1.2,1.8,0.0,1,1.0,1,6,1
342,2015-02-21,Saracens,10,Sale,14,AJ Bell Stadium,away,Dean Richards,24,L,Sat,Feb,2014-15,36.4,16.8,27.2,20.6,0.4,0.2,0.6,0.6,4.4,3.0,2.8,0.0,1.8,1.2,1.8,0.0,3.4,2.4,1.8,0.0,2.6,2.0,1.0,0.2,0,1.0,1,1,6
9,2015-02-21,Northampton,21,Bath,13,The Recreation Ground,away,Greg Garner,34,W,Sat,Feb,2014-15,22.8,20.8,28.2,21.4,0.2,0.8,0.4,0.2,2.8,2.0,1.6,0.0,2.4,2.0,1.6,0.0,3.2,2.8,2.2,0.0,2.2,1.6,2.4,0.0,1,1.0,0,2,5
248,2015-02-21,Gloucester,48,London Welsh,10,Kingsholm,home,Ian Tempest,58,W,Sat,Feb,2014-15,20.8,27.0,9.6,43.2,0.4,0.4,0.0,0.8,1.4,1.2,3.6,0.2,2.4,1.8,3.8,0.0,1.0,0.8,1.0,0.0,6.4,5.0,0.4,0.0,1,0.0,0,9,13
303,2015-02-21,Bath,13,Northampton,21,The Recreation Ground,home,Greg Garner,34,L,Sat,Feb,2014-15,28.2,21.4,22.8,20.8,0.4,0.2,0.2,0.8,3.2,2.8,2.2,0.0,2.2,1.6,2.4,0.0,2.8,2.0,1.6,0.0,2.4,2.0,1.6,0.0,0,0.0,1,5,2
91,2015-02-21,London Welsh,10,Gloucester,48,Kingsholm,away,Ian Tempest,58,L,Sat,Feb,2014-15,9.6,43.2,20.8,27.0,0.0,0.8,0.4,0.4,1.0,0.8,1.0,0.0,6.4,5.0,0.4,0.0,1.4,1.2,3.6,0.2,2.4,1.8,3.8,0.0,0,0.0,0,13,9
50,2015-02-21,Harlequins,21,Exeter,32,Twickenham Stoop,home,Matthew Carley,53,L,Sat,Feb,2014-15,20.4,19.8,24.4,24.0,0.6,0.2,0.8,0.4,2.2,1.4,2.2,0.0,1.8,1.8,2.4,0.0,2.8,2.2,2.0,0.0,2.8,2.0,1.6,0.4,0,0.0,1,4,8
209,2015-02-22,Leicester,12,London Irish,6,Madejski Stadium,away,Wayne Barnes,18,W,Sun,Feb,2014-15,19.6,21.6,16.6,24.0,0.4,0.8,0.4,0.4,1.6,1.0,3.2,0.0,2.4,1.2,2.4,0.0,1.6,1.0,2.0,0.2,2.0,1.0,4.0,0.0,1,1.0,0,3,10
168,2015-02-22,London Irish,6,Leicester,12,Madejski Stadium,home,Wayne Barnes,18,L,Sun,Feb,2014-15,16.6,24.0,19.6,21.6,0.4,0.4,0.4,0.8,1.6,1.0,2.0,0.2,2.0,1.0,4.0,0.0,1.6,1.0,3.2,0.0,2.4,1.2,2.4,0.0,0,0.0,1,10,3
130,2015-02-27,Northampton,17,Harlequins,13,Franklin's Gardens,home,Tim Wigglesworth,30,W,Fri,Feb,2014-15,22.4,19.6,21.6,24.8,0.2,0.6,0.6,0.2,2.6,2.0,1.8,0.0,2.0,1.8,2.0,0.0,2.6,1.6,1.8,0.0,2.0,2.0,3.6,0.0,1,1.0,0,2,4
304,2015-02-27,Harlequins,13,Northampton,17,Franklin's Gardens,away,Tim Wigglesworth,30,L,Fri,Feb,2014-15,21.6,24.8,22.4,19.6,0.6,0.2,0.2,0.6,2.6,1.6,1.8,0.0,2.0,2.0,3.6,0.0,2.6,2.0,1.8,0.0,2.0,1.8,2.0,0.0,0,0.0,1,4,2
343,2015-02-28,Leicester,28,Sale,8,Welford Road,home,Greg Garner,36,W,Sat,Feb,2014-15,18.2,18.2,26.4,20.4,0.2,1.0,0.6,0.6,1.0,0.6,3.8,0.2,1.8,1.0,2.4,0.0,3.4,2.6,1.4,0.0,2.6,2.2,0.8,0.2,1,1.0,1,3,6
210,2015-02-28,London Welsh,12,London Irish,50,Kassam Stadium,home,Matthew Carley,62,L,Sat,Feb,2014-15,10.2,37.2,14.6,16.8,0.0,0.8,0.6,0.2,1.0,0.8,1.2,0.0,5.4,4.2,0.6,0.0,1.4,0.8,1.8,0.2,1.2,0.6,3.0,0.2,0,0.0,0,13,10
381,2015-02-28,Newcastle,17,Saracens,22,Allianz Park,away,Andrew Small,39,L,Sat,Feb,2014-15,26.4,28.0,22.8,18.2,0.6,0.4,0.4,0.2,3.6,2.4,1.2,0.0,3.6,2.6,1.6,0.0,2.4,1.2,2.8,0.0,2.0,1.4,1.8,0.0,0,0.0,0,11,1
249,2015-02-28,London Irish,50,London Welsh,12,Kassam Stadium,away,Matthew Carley,62,W,Sat,Feb,2014-15,14.6,16.8,10.2,37.2,0.6,0.2,0.0,0.8,1.4,0.8,1.8,0.2,1.2,0.6,3.0,0.2,1.0,0.8,1.2,0.0,5.4,4.2,0.6,0.0,1,0.0,0,10,13
10,2015-02-28,Exeter,16,Bath,6,Sandy Park,home,Dean Richards,22,W,Sat,Feb,2014-15,28.6,24.6,23.0,22.4,0.6,0.4,0.4,0.2,3.0,2.6,2.8,0.0,2.8,2.0,1.8,0.4,2.8,2.4,1.4,0.0,2.4,1.6,2.4,0.0,1,1.0,0,8,5
266,2015-02-28,Saracens,22,Newcastle,17,Allianz Park,home,Andrew Small,39,W,Sat,Feb,2014-15,22.8,18.2,26.4,28.0,0.4,0.2,0.6,0.4,2.4,1.2,2.8,0.0,2.0,1.4,1.8,0.0,3.6,2.4,1.2,0.0,3.6,2.6,1.6,0.0,1,0.0,1,1,11
51,2015-02-28,Bath,6,Exeter,16,Sandy Park,away,Dean Richards,22,L,Sat,Feb,2014-15,23.0,22.4,28.6,24.6,0.4,0.2,0.6,0.4,2.8,2.4,1.4,0.0,2.4,1.6,2.4,0.0,3.0,2.6,2.8,0.0,2.8,2.0,1.8,0.4,0,0.0,1,5,8
169,2015-02-28,Sale,8,Leicester,28,Welford Road,away,Greg Garner,36,L,Sat,Feb,2014-15,26.4,20.4,18.2,18.2,0.6,0.6,0.2,1.0,3.4,2.6,1.4,0.0,2.6,2.2,0.8,0.2,1.0,0.6,3.8,0.2,1.8,1.0,2.4,0.0,0,1.0,1,6,3
92,2015-03-01,Wasps,32,Gloucester,21,Ricoh Arena,home,Wayne Barnes,53,W,Sun,Mar,2014-15,31.4,21.4,27.2,21.2,0.6,0.4,0.6,0.4,3.8,3.2,1.8,0.2,2.2,1.6,2.4,0.0,2.4,2.2,3.4,0.2,2.0,1.4,2.8,0.0,1,0.0,1,7,9
423,2015-03-01,Gloucester,21,Wasps,32,Ricoh Arena,away,Wayne Barnes,53,L,Sun,Mar,2014-15,27.2,21.2,31.4,21.4,0.6,0.4,0.6,0.4,2.4,2.2,3.4,0.2,2.0,1.4,2.8,0.0,3.8,3.2,1.8,0.2,2.2,1.6,2.4,0.0,0,1.0,1,9,7
11,2015-03-06,Sale,3,Bath,12,The Recreation Ground,away,Wayne Barnes,15,L,Fri,Mar,2014-15,22.0,19.6,18.0,22.8,0.2,0.4,0.2,0.2,2.8,2.2,1.2,0.0,2.4,2.0,1.0,0.2,2.0,1.6,1.6,0.0,2.2,1.4,3.0,0.0,0,0.0,0,6,5
344,2015-03-06,Bath,12,Sale,3,The Recreation Ground,home,Wayne Barnes,15,W,Fri,Mar,2014-15,18.0,22.8,22.0,19.6,0.2,0.2,0.2,0.4,2.0,1.6,1.6,0.0,2.2,1.4,3.0,0.0,2.8,2.2,1.2,0.0,2.4,2.0,1.0,0.2,1,0.0,0,5,6
250,2015-03-07,Exeter,74,London Welsh,19,Sandy Park,home,Craig Maxwell-Keys,93,W,Sat,Mar,2014-15,29.0,19.6,10.8,42.4,0.6,0.2,0.0,1.0,2.8,2.4,3.4,0.0,2.0,1.2,2.0,0.4,1.4,1.0,0.6,0.0,6.4,4.6,0.4,0.0,1,1.0,0,8,13
211,2015-03-07,Harlequins,26,London Irish,20,Twickenham Stoop,home,JP Doyle,46,W,Sat,Mar,2014-15,19.2,22.2,19.8,17.4,0.6,0.2,0.8,0.2,2.2,1.4,1.8,0.0,2.0,1.6,3.0,0.0,2.4,1.2,1.6,0.2,1.6,0.8,2.4,0.2,1,0.0,1,4,10
131,2015-03-07,London Irish,20,Harlequins,26,Twickenham Stoop,away,JP Doyle,46,L,Sat,Mar,2014-15,19.8,17.4,19.2,22.2,0.8,0.2,0.6,0.2,2.4,1.2,1.6,0.2,1.6,0.8,2.4,0.2,2.2,1.4,1.8,0.0,2.0,1.6,3.0,0.0,0,1.0,0,10,4
93,2015-03-07,Northampton,33,Gloucester,33,Kingsholm,away,Greg Garner,66,D,Sat,Mar,2014-15,19.8,17.2,26.8,21.6,0.2,0.6,0.4,0.6,2.6,1.6,1.2,0.0,1.6,1.6,2.0,0.0,2.4,2.0,3.4,0.2,2.4,1.2,2.4,0.0,0,1.0,0,2,9
305,2015-03-07,Gloucester,33,Northampton,33,Kingsholm,home,Greg Garner,66,D,Sat,Mar,2014-15,26.8,21.6,19.8,17.2,0.4,0.6,0.2,0.6,2.4,2.0,3.4,0.2,2.4,1.2,2.4,0.0,2.6,1.6,1.2,0.0,1.6,1.6,2.0,0.0,0,0.0,1,9,2
52,2015-03-07,London Welsh,19,Exeter,74,Sandy Park,away,Craig Maxwell-Keys,93,L,Sat,Mar,2014-15,10.8,42.4,29.0,19.6,0.0,1.0,0.6,0.2,1.4,1.0,0.6,0.0,6.4,4.6,0.4,0.0,2.8,2.4,3.4,0.0,2.0,1.2,2.0,0.4,0,0.0,1,13,8
424,2015-03-08,Saracens,26,Wasps,17,Ricoh Arena,away,Matthew Carley,43,W,Sun,Mar,2014-15,22.2,17.0,31.8,21.0,0.4,0.2,0.8,0.2,2.0,1.0,3.4,0.0,2.0,1.4,1.4,0.0,4.2,3.0,1.4,0.2,2.2,1.4,2.4,0.0,1,1.0,1,1,7
170,2015-03-08,Newcastle,12,Leicester,16,Kingston Park,home,Luke Pearce,28,L,Sun,Mar,2014-15,25.2,27.4,17.4,13.8,0.6,0.4,0.0,0.6,3.6,2.4,0.8,0.0,3.2,2.4,2.2,0.0,0.8,0.4,4.0,0.2,1.2,0.6,2.2,0.0,0,0.0,1,11,3
267,2015-03-08,Leicester,16,Newcastle,12,Kingston Park,away,Luke Pearce,28,W,Sun,Mar,2014-15,17.4,13.8,25.2,27.4,0.0,0.6,0.6,0.4,0.8,0.4,4.0,0.2,1.2,0.6,2.2,0.0,3.6,2.4,0.8,0.0,3.2,2.4,2.2,0.0,1,1.0,0,3,11
382,2015-03-08,Wasps,17,Saracens,26,Ricoh Arena,home,Matthew Carley,43,L,Sun,Mar,2014-15,31.8,21.0,22.2,17.0,0.8,0.2,0.4,0.2,4.2,3.0,1.4,0.2,2.2,1.4,2.4,0.0,2.0,1.0,3.4,0.0,2.0,1.4,1.4,0.0,0,1.0,1,7,1
425,2015-03-27,Northampton,52,Wasps,30,Franklin's Gardens,home,Craig Maxwell-Keys,82,W,Fri,Mar,2014-15,18.6,17.6,27.0,23.0,0.0,0.4,0.6,0.2,2.2,1.4,1.6,0.0,1.4,1.4,2.6,0.0,3.6,2.4,1.4,0.0,2.4,1.6,2.6,0.0,1,0.0,0,2,7
306,2015-03-27,Wasps,30,Northampton,52,Franklin's Gardens,away,Craig Maxwell-Keys,82,L,Fri,Mar,2014-15,27.0,23.0,18.6,17.6,0.6,0.2,0.0,0.4,3.6,2.4,1.4,0.0,2.4,1.6,2.6,0.0,2.2,1.4,1.6,0.0,1.4,1.4,2.6,0.0,0,0.0,1,7,2
212,2015-03-28,Newcastle,21,London Irish,22,Madejski Stadium,away,Greg Garner,43,L,Sat,Mar,2014-15,21.4,22.8,22.6,18.2,0.6,0.2,1.0,0.2,3.2,1.8,0.6,0.0,2.4,1.8,2.4,0.0,2.8,1.6,1.6,0.2,1.6,1.2,2.4,0.2,0,0.0,0,11,10
383,2015-03-28,Harlequins,14,Saracens,42,Wembley Stadium,away,Wayne Barnes,56,L,Sat,Mar,2014-15,19.6,23.6,23.0,19.2,0.4,0.4,0.4,0.2,1.8,1.4,2.6,0.0,2.2,1.8,3.0,0.0,2.0,1.4,3.4,0.0,2.4,1.8,1.2,0.0,0,1.0,1,4,1
53,2015-03-28,Leicester,25,Exeter,18,Welford Road,home,JP Doyle,43,W,Sat,Mar,2014-15,17.2,14.6,38.8,18.2,0.0,0.8,0.6,0.2,0.8,0.6,3.8,0.2,1.4,0.8,2.0,0.0,4.2,3.8,3.4,0.0,2.2,1.2,1.4,0.2,1,1.0,1,3,8
268,2015-03-28,London Irish,22,Newcastle,21,Madejski Stadium,home,Greg Garner,43,W,Sat,Mar,2014-15,22.6,18.2,21.4,22.8,1.0,0.2,0.6,0.2,2.8,1.6,1.6,0.2,1.6,1.2,2.4,0.2,3.2,1.8,0.6,0.0,2.4,1.8,2.4,0.0,1,0.0,0,10,11
132,2015-03-28,Saracens,42,Harlequins,14,Wembley Stadium,home,Wayne Barnes,56,W,Sat,Mar,2014-15,23.0,19.2,19.6,23.6,0.4,0.2,0.4,0.4,2.0,1.4,3.4,0.0,2.4,1.8,1.2,0.0,1.8,1.4,2.6,0.0,2.2,1.8,3.0,0.0,1,1.0,1,1,4
171,2015-03-28,Exeter,18,Leicester,25,Welford Road,away,JP Doyle,43,L,Sat,Mar,2014-15,38.8,18.2,17.2,14.6,0.6,0.2,0.0,0.8,4.2,3.8,3.4,0.0,2.2,1.2,1.4,0.2,0.8,0.6,3.8,0.2,1.4,0.8,2.0,0.0,0,1.0,1,8,3
251,2015-03-29,Bath,29,London Welsh,14,Kassam Stadium,away,Thomas Foley,43,W,Sun,Mar,2014-15,18.8,20.0,12.0,52.4,0.2,0.2,0.0,1.0,1.8,1.6,2.2,0.0,2.0,1.4,2.4,0.0,1.8,1.2,0.2,0.0,7.6,6.0,0.8,0.0,1,1.0,0,5,13
94,2015-03-29,Sale,23,Gloucester,6,AJ Bell Stadium,home,Matthew Carley,29,W,Sun,Mar,2014-15,19.4,13.8,28.2,23.2,0.2,0.2,0.4,0.4,2.6,2.0,0.8,0.0,1.4,1.0,1.6,0.0,2.6,2.2,3.6,0.0,2.4,1.4,2.8,0.0,1,0.0,1,6,9
12,2015-03-29,London Welsh,14,Bath,29,Kassam Stadium,home,Thomas Foley,43,L,Sun,Mar,2014-15,12.0,52.4,18.8,20.0,0.0,1.0,0.2,0.2,1.8,1.2,0.2,0.0,7.6,6.0,0.8,0.0,1.8,1.6,2.2,0.0,2.0,1.4,2.4,0.0,0,0.0,1,13,5
345,2015-03-29,Gloucester,6,Sale,23,AJ Bell Stadium,away,Matthew Carley,29,L,Sun,Mar,2014-15,28.2,23.2,19.4,13.8,0.4,0.4,0.2,0.2,2.6,2.2,3.6,0.0,2.4,1.4,2.8,0.0,2.6,2.0,0.8,0.0,1.4,1.0,1.6,0.0,0,0.0,0,9,6
13,2015-04-10,Newcastle,19,Bath,29,Kingston Park,home,JP Doyle,48,L,Fri,Apr,2014-15,18.0,25.8,16.8,17.6,0.6,0.2,0.2,0.0,2.4,1.2,1.2,0.0,2.8,2.0,2.6,0.0,1.8,1.2,1.8,0.0,1.6,1.2,2.4,0.0,0,0.0,1,11,5
269,2015-04-10,Bath,29,Newcastle,19,Kingston Park,away,JP Doyle,48,W,Fri,Apr,2014-15,16.8,17.6,18.0,25.8,0.2,0.0,0.6,0.2,1.8,1.2,1.8,0.0,1.6,1.2,2.4,0.0,2.4,1.2,1.2,0.0,2.8,2.0,2.6,0.0,1,1.0,0,5,11
172,2015-04-11,Saracens,22,Leicester,6,Allianz Park,home,Matthew Carley,28,W,Sat,Apr,2014-15,26.8,17.2,19.8,11.8,0.4,0.2,0.0,0.8,2.4,2.0,3.6,0.0,2.2,1.6,1.0,0.0,1.0,0.8,4.2,0.2,1.0,0.4,2.0,0.0,1,1.0,1,1,3
133,2015-04-11,Gloucester,26,Harlequins,29,Twickenham Stoop,away,Luke Pearce,55,L,Sat,Apr,2014-15,24.6,23.2,16.0,29.6,0.4,0.2,0.2,0.6,2.2,2.0,3.2,0.0,2.2,1.6,3.0,0.0,1.2,0.8,2.8,0.0,3.2,2.6,2.8,0.0,0,0.0,0,9,4
384,2015-04-11,Leicester,6,Saracens,22,Allianz Park,away,Matthew Carley,28,L,Sat,Apr,2014-15,19.8,11.8,26.8,17.2,0.0,0.8,0.4,0.2,1.0,0.8,4.2,0.2,1.0,0.4,2.0,0.0,2.4,2.0,3.6,0.0,2.2,1.6,1.0,0.0,0,1.0,1,3,1
95,2015-04-11,Harlequins,29,Gloucester,26,Twickenham Stoop,home,Luke Pearce,55,W,Sat,Apr,2014-15,16.0,29.6,24.6,23.2,0.2,0.6,0.4,0.2,1.2,0.8,2.8,0.0,3.2,2.6,2.8,0.0,2.2,2.0,3.2,0.0,2.2,1.6,3.0,0.0,1,0.0,0,4,9
252,2015-04-12,Wasps,40,London Welsh,13,Kassam Stadium,away,Greg Garner,53,W,Sun,Apr,2014-15,27.8,25.6,13.4,50.6,0.4,0.2,0.0,1.0,3.4,2.4,2.0,0.0,2.8,1.6,2.8,0.0,2.0,1.4,0.2,0.0,7.4,5.6,0.8,0.0,1,0.0,0,7,13
346,2015-04-12,London Irish,25,Sale,23,Madejski Stadium,home,Greg Macdonald,48,W,Sun,Apr,2014-15,21.4,17.2,20.0,13.6,0.8,0.2,0.2,0.2,2.6,1.8,1.6,0.0,1.6,1.0,2.2,0.2,2.6,2.0,1.0,0.0,1.2,0.8,2.0,0.0,1,1.0,1,10,6
54,2015-04-12,Northampton,10,Exeter,21,Sandy Park,away,Wayne Barnes,31,L,Sun,Apr,2014-15,27.6,19.6,37.2,17.6,0.2,0.4,0.6,0.0,3.4,2.0,2.2,0.0,1.6,1.6,2.8,0.0,4.2,3.6,3.0,0.0,1.6,1.2,2.4,0.0,0,1.0,0,2,8
426,2015-04-12,London Welsh,13,Wasps,40,Kassam Stadium,home,Greg Garner,53,L,Sun,Apr,2014-15,13.4,50.6,27.8,25.6,0.0,1.0,0.4,0.2,2.0,1.4,0.2,0.0,7.4,5.6,0.8,0.0,3.4,2.4,2.0,0.0,2.8,1.6,2.8,0.0,0,0.0,0,13,7
213,2015-04-12,Sale,23,London Irish,25,Madejski Stadium,away,Greg Macdonald,48,L,Sun,Apr,2014-15,20.0,13.6,21.4,17.2,0.2,0.2,0.8,0.2,2.6,2.0,1.0,0.0,1.2,0.8,2.0,0.0,2.6,1.8,1.6,0.0,1.6,1.0,2.2,0.2,0,1.0,1,6,10
307,2015-04-12,Exeter,21,Northampton,10,Sandy Park,home,Wayne Barnes,31,W,Sun,Apr,2014-15,37.2,17.6,27.6,19.6,0.6,0.0,0.2,0.4,4.2,3.6,3.0,0.0,1.6,1.2,2.4,0.0,3.4,2.0,2.2,0.0,1.6,1.6,2.8,0.0,1,0.0,1,8,2
14,2015-04-24,London Irish,18,Bath,43,The Recreation Ground,away,Luke Pearce,61,L,Fri,Apr,2014-15,24.6,18.8,17.8,14.6,0.6,0.4,0.4,0.0,3.2,2.2,1.4,0.0,1.8,1.0,2.4,0.2,2.0,1.2,1.8,0.0,1.2,1.0,2.2,0.0,0,1.0,1,10,5
214,2015-04-24,Bath,43,London Irish,18,The Recreation Ground,home,Luke Pearce,61,W,Fri,Apr,2014-15,17.8,14.6,24.6,18.8,0.4,0.0,0.6,0.4,2.0,1.2,1.8,0.0,1.2,1.0,2.2,0.0,3.2,2.2,1.4,0.0,1.8,1.0,2.4,0.2,1,1.0,1,5,10
253,2015-04-25,Leicester,38,London Welsh,17,Welford Road,home,Tim Wigglesworth,55,W,Sat,Apr,2014-15,17.4,13.2,13.6,48.2,0.0,0.6,0.0,1.0,1.0,0.8,3.4,0.2,1.6,0.8,1.2,0.0,2.0,1.2,0.4,0.0,7.0,5.4,0.8,0.0,1,0.0,0,3,13
270,2015-04-25,Gloucester,42,Newcastle,40,Kingsholm,home,Ian Tempest,82,W,Sat,Apr,2014-15,26.8,25.4,18.4,22.4,0.4,0.2,0.6,0.2,2.8,2.2,2.8,0.0,2.8,1.8,2.6,0.0,2.2,1.0,1.8,0.0,2.4,1.6,2.4,0.0,1,0.0,0,9,11
96,2015-04-25,Newcastle,40,Gloucester,42,Kingsholm,away,Ian Tempest,82,L,Sat,Apr,2014-15,18.4,22.4,26.8,25.4,0.6,0.2,0.4,0.2,2.2,1.0,1.8,0.0,2.4,1.6,2.4,0.0,2.8,2.2,2.8,0.0,2.8,1.8,2.6,0.0,0,0.0,0,11,9
347,2015-04-25,Harlequins,25,Sale,23,AJ Bell Stadium,away,Wayne Barnes,48,W,Sat,Apr,2014-15,20.6,27.4,14.2,16.2,0.2,0.6,0.2,0.2,1.8,1.0,3.2,0.0,3.0,2.0,2.8,0.0,1.6,1.0,1.4,0.0,1.4,1.0,2.4,0.0,1,1.0,0,4,6
308,2015-04-25,Saracens,20,Northampton,25,Stadium mk,away,Greg Garner,45,L,Sat,Apr,2014-15,24.4,13.6,26.6,22.0,0.4,0.2,0.2,0.2,2.4,2.0,2.8,0.0,1.6,1.0,1.2,0.0,3.4,1.8,2.0,0.0,2.0,1.8,2.8,0.0,0,1.0,0,1,2
134,2015-04-25,Sale,23,Harlequins,25,AJ Bell Stadium,home,Wayne Barnes,48,L,Sat,Apr,2014-15,14.2,16.2,20.6,27.4,0.2,0.2,0.2,0.6,1.6,1.0,1.4,0.0,1.4,1.0,2.4,0.0,1.8,1.0,3.2,0.0,3.0,2.0,2.8,0.0,0,0.0,1,6,4
385,2015-04-25,Northampton,25,Saracens,20,Stadium mk,home,Greg Garner,45,W,Sat,Apr,2014-15,26.6,22.0,24.4,13.6,0.2,0.2,0.4,0.2,3.4,1.8,2.0,0.0,2.0,1.8,2.8,0.0,2.4,2.0,2.8,0.0,1.6,1.0,1.2,0.0,1,0.0,1,2,1
173,2015-04-25,London Welsh,17,Leicester,38,Welford Road,away,Tim Wigglesworth,55,L,Sat,Apr,2014-15,13.6,48.2,17.4,13.2,0.0,1.0,0.0,0.6,2.0,1.2,0.4,0.0,7.0,5.4,0.8,0.0,1.0,0.8,3.4,0.2,1.6,0.8,1.2,0.0,0,0.0,0,13,3
427,2015-04-26,Exeter,29,Wasps,36,Ricoh Arena,away,Matthew Carley,65,L,Sun,Apr,2014-15,32.2,16.2,28.4,27.0,0.4,0.0,0.4,0.2,3.4,2.8,3.2,0.0,1.6,0.8,2.2,0.0,3.8,2.6,1.4,0.0,3.2,1.6,2.6,0.0,0,1.0,1,8,7
55,2015-04-26,Wasps,36,Exeter,29,Ricoh Arena,home,Matthew Carley,65,W,Sun,Apr,2014-15,28.4,27.0,32.2,16.2,0.4,0.2,0.4,0.0,3.8,2.6,1.4,0.0,3.2,1.6,2.6,0.0,3.4,2.8,3.2,0.0,1.6,0.8,2.2,0.0,1,1.0,1,7,8
135,2015-05-08,Bath,27,Harlequins,26,Twickenham Stoop,away,Greg Garner,53,W,Fri,May,2014-15,23.8,14.0,21.4,25.6,0.6,0.0,0.4,0.8,2.8,1.6,2.2,0.0,1.2,1.0,2.0,0.0,2.2,1.0,2.8,0.0,3.2,1.8,2.0,0.0,1,1.0,1,5,4
15,2015-05-08,Harlequins,26,Bath,27,Twickenham Stoop,home,Greg Garner,53,L,Fri,May,2014-15,21.4,25.6,23.8,14.0,0.4,0.8,0.6,0.0,2.2,1.0,2.8,0.0,3.2,1.8,2.0,0.0,2.8,1.6,2.2,0.0,1.2,1.0,2.0,0.0,0,1.0,1,4,5
348,2015-05-09,Newcastle,28,Sale,34,AJ Bell Stadium,away,Matthew Carley,62,L,Sat,May,2014-15,21.8,26.2,16.0,19.2,1.0,0.4,0.4,0.2,2.4,1.6,2.2,0.0,2.8,2.2,2.6,0.0,1.8,0.8,1.8,0.0,2.0,1.0,2.4,0.0,0,0.0,0,11,6
428,2015-05-09,Leicester,26,Wasps,21,Ricoh Arena,away,Wayne Barnes,47,W,Sat,May,2014-15,22.6,15.4,31.0,28.2,0.2,0.4,0.4,0.4,2.2,1.6,2.8,0.0,2.0,1.2,1.0,0.0,3.8,3.0,2.0,0.0,3.0,1.8,3.0,0.2,1,1.0,1,3,7
97,2015-05-09,London Irish,13,Gloucester,35,Kingsholm,away,Craig Maxwell-Keys,48,L,Sat,May,2014-15,27.0,25.0,25.6,31.4,0.4,0.6,0.4,0.6,3.6,2.4,1.4,0.0,2.8,1.6,2.6,0.0,2.6,1.8,3.0,0.0,3.4,2.4,3.2,0.0,0,0.0,1,10,9
271,2015-05-09,Sale,34,Newcastle,28,AJ Bell Stadium,home,Matthew Carley,62,W,Sat,May,2014-15,16.0,19.2,21.8,26.2,0.4,0.2,1.0,0.4,1.8,0.8,1.8,0.0,2.0,1.0,2.4,0.0,2.4,1.6,2.2,0.0,2.8,2.2,2.6,0.0,1,0.0,0,6,11
254,2015-05-09,Northampton,46,London Welsh,0,Franklin's Gardens,home,Andrew Small,46,W,Sat,May,2014-15,27.4,23.4,15.0,46.2,0.2,0.4,0.0,1.0,3.2,1.8,2.6,0.0,2.2,2.0,2.8,0.0,2.2,1.4,0.4,0.0,7.0,5.0,0.4,0.0,1,1.0,0,2,13
174,2015-05-09,Wasps,21,Leicester,26,Ricoh Arena,home,Wayne Barnes,47,L,Sat,May,2014-15,31.0,28.2,22.6,15.4,0.4,0.4,0.2,0.4,3.8,3.0,2.0,0.0,3.0,1.8,3.0,0.2,2.2,1.6,2.8,0.0,2.0,1.2,1.0,0.0,0,1.0,1,7,3
309,2015-05-09,London Welsh,0,Northampton,46,Franklin's Gardens,away,Andrew Small,46,L,Sat,May,2014-15,15.0,46.2,27.4,23.4,0.0,1.0,0.2,0.4,2.2,1.4,0.4,0.0,7.0,5.0,0.4,0.0,3.2,1.8,2.6,0.0,2.2,2.0,2.8,0.0,0,0.0,1,13,2
215,2015-05-09,Gloucester,35,London Irish,13,Kingsholm,home,Craig Maxwell-Keys,48,W,Sat,May,2014-15,25.6,31.4,27.0,25.0,0.4,0.6,0.4,0.6,2.6,1.8,3.0,0.0,3.4,2.4,3.2,0.0,3.6,2.4,1.4,0.0,2.8,1.6,2.6,0.0,1,1.0,0,9,10
56,2015-05-10,Saracens,20,Exeter,24,Allianz Park,home,JP Doyle,44,L,Sun,May,2014-15,26.4,15.8,31.6,19.2,0.4,0.2,0.6,0.0,2.6,2.2,3.0,0.0,1.4,0.8,2.4,0.0,3.4,2.8,2.8,0.2,1.8,1.2,2.6,0.0,0,0.0,0,1,8
386,2015-05-10,Exeter,24,Saracens,20,Allianz Park,away,JP Doyle,44,W,Sun,May,2014-15,31.6,19.2,26.4,15.8,0.6,0.0,0.4,0.2,3.4,2.8,2.8,0.2,1.8,1.2,2.6,0.0,2.6,2.2,3.0,0.0,1.4,0.8,2.4,0.0,1,0.0,0,8,1
429,2015-05-16,London Irish,40,Wasps,40,Madejski Stadium,home,JP Doyle,80,D,Sat,May,2014-15,19.6,29.6,28.8,29.2,0.2,0.6,0.4,0.4,2.4,1.4,1.6,0.0,3.0,1.6,3.8,0.0,2.8,2.6,3.2,0.0,3.2,1.8,3.0,0.2,0,0.0,0,10,7
216,2015-05-16,Wasps,40,London Irish,40,Madejski Stadium,away,JP Doyle,80,D,Sat,May,2014-15,28.8,29.2,19.6,29.6,0.4,0.4,0.2,0.6,2.8,2.6,3.2,0.0,3.2,1.8,3.0,0.2,2.4,1.4,1.6,0.0,3.0,1.6,3.8,0.0,0,0.0,0,7,10
387,2015-05-16,London Welsh,17,Saracens,68,Kassam Stadium,home,Luke Pearce,85,L,Sat,May,2014-15,12.6,45.4,26.0,17.2,0.0,1.0,0.6,0.0,1.8,1.2,0.4,0.0,6.6,5.0,0.8,0.0,2.8,2.4,2.4,0.0,1.4,1.2,2.6,0.0,0,0.0,0,13,1
136,2015-05-16,Newcastle,37,Harlequins,21,Kingston Park,home,Thomas Foley,58,W,Sat,May,2014-15,24.0,28.6,24.0,27.6,1.0,0.6,0.4,0.8,2.4,1.8,2.8,0.0,3.6,2.6,1.8,0.0,2.6,1.0,3.0,0.0,3.2,2.2,2.4,0.0,1,0.0,0,11,4
57,2015-05-16,Sale,16,Exeter,44,Sandy Park,away,Wayne Barnes,60,L,Sat,May,2014-15,21.2,19.2,33.2,22.0,0.6,0.4,0.6,0.2,2.6,1.4,1.8,0.0,2.0,1.0,2.4,0.0,3.8,3.2,2.4,0.2,2.2,1.6,2.6,0.0,0,1.0,1,6,8
272,2015-05-16,Harlequins,21,Newcastle,37,Kingston Park,away,Thomas Foley,58,L,Sat,May,2014-15,24.0,27.6,24.0,28.6,0.4,0.8,1.0,0.6,2.6,1.0,3.0,0.0,3.2,2.2,2.4,0.0,2.4,1.8,2.8,0.0,3.6,2.6,1.8,0.0,0,0.0,0,4,11
310,2015-05-16,Leicester,22,Northampton,14,Welford Road,home,Matthew Carley,36,W,Sat,May,2014-15,22.2,18.0,33.2,20.8,0.2,0.6,0.4,0.2,2.2,1.4,2.8,0.0,1.8,1.2,2.2,0.0,3.8,2.6,3.0,0.0,2.0,1.8,2.4,0.0,1,1.0,1,3,2
16,2015-05-16,Gloucester,30,Bath,50,The Recreation Ground,away,Dean Richards,80,L,Sat,May,2014-15,28.4,27.6,28.0,16.0,0.4,0.4,0.6,0.2,2.8,1.8,3.6,0.0,2.8,2.0,3.2,0.0,3.4,2.2,2.2,0.0,1.6,1.0,2.0,0.0,0,1.0,1,9,5
98,2015-05-16,Bath,50,Gloucester,30,The Recreation Ground,home,Dean Richards,80,W,Sat,May,2014-15,28.0,16.0,28.4,27.6,0.6,0.2,0.4,0.4,3.4,2.2,2.2,0.0,1.6,1.0,2.0,0.0,2.8,1.8,3.6,0.0,2.8,2.0,3.2,0.0,1,1.0,1,5,9
175,2015-05-16,Northampton,14,Leicester,22,Welford Road,away,Matthew Carley,36,L,Sat,May,2014-15,33.2,20.8,22.2,18.0,0.4,0.2,0.2,0.6,3.8,2.6,3.0,0.0,2.0,1.8,2.4,0.0,2.2,1.4,2.8,0.0,1.8,1.2,2.2,0.0,0,1.0,1,2,3
349,2015-05-16,Exeter,44,Sale,16,Sandy Park,home,Wayne Barnes,60,W,Sat,May,2014-15,33.2,22.0,21.2,19.2,0.6,0.2,0.6,0.4,3.8,3.2,2.4,0.2,2.2,1.6,2.6,0.0,2.6,1.4,1.8,0.0,2.0,1.0,2.4,0.0,1,1.0,1,8,6
255,2015-05-16,Saracens,68,London Welsh,17,Kassam Stadium,away,Luke Pearce,85,W,Sat,May,2014-15,26.0,17.2,12.6,45.4,0.6,0.0,0.0,1.0,2.8,2.4,2.4,0.0,1.4,1.2,2.6,0.0,1.8,1.2,0.4,0.0,6.6,5.0,0.8,0.0,1,0.0,0,1,13
176,2015-05-23,Bath,47,Leicester,10,The Recreation Ground,home,JP Doyle,57,W,Sat,May,2014-15,35.6,21.4,23.4,18.4,0.8,0.4,0.2,0.4,4.8,3.4,1.6,0.0,2.4,1.4,2.2,0.0,2.4,1.2,3.0,0.0,1.6,1.0,2.8,0.0,1,1.0,1,5,3
17,2015-05-23,Leicester,10,Bath,47,The Recreation Ground,away,JP Doyle,57,L,Sat,May,2014-15,23.4,18.4,35.6,21.4,0.2,0.4,0.8,0.4,2.4,1.2,3.0,0.0,1.6,1.0,2.8,0.0,4.8,3.4,1.6,0.0,2.4,1.4,2.2,0.0,0,1.0,1,3,5
388,2015-05-23,Northampton,24,Saracens,29,Franklin's Gardens,home,Greg Garner,53,L,Sat,May,2014-15,29.4,18.6,34.4,17.2,0.4,0.2,0.8,0.0,3.4,2.0,2.8,0.0,1.8,1.2,2.4,0.0,4.4,3.8,1.6,0.0,1.4,1.2,2.6,0.0,0,0.0,1,2,1
311,2015-05-23,Saracens,29,Northampton,24,Franklin's Gardens,away,Greg Garner,53,W,Sat,May,2014-15,34.4,17.2,29.4,18.6,0.8,0.0,0.4,0.2,4.4,3.8,1.6,0.0,1.4,1.2,2.6,0.0,3.4,2.0,2.8,0.0,1.8,1.2,2.4,0.0,1,1.0,0,1,2
389,2015-05-30,Bath,16,Saracens,28,Twickenham Stadium,home,Wayne Barnes,44,L,Sat,May,2014-15,39.2,20.6,31.8,19.2,0.6,0.4,0.6,0.0,5.2,4.2,1.6,0.0,2.2,1.2,2.4,0.0,3.8,3.4,2.0,0.0,1.6,1.4,2.8,0.0,0,1.0,1,5,1
18,2015-05-30,Saracens,28,Bath,16,Twickenham Stadium,away,Wayne Barnes,44,W,Sat,May,2014-15,31.8,19.2,39.2,20.6,0.6,0.0,0.6,0.4,3.8,3.4,2.0,0.0,1.6,1.4,2.8,0.0,5.2,4.2,1.6,0.0,2.2,1.2,2.4,0.0,1,1.0,1,1,5
99,2015-10-16,Newcastle,27,Gloucester,39,Kingston Park,home,Thomas Foley,66,L,Fri,Oct,2015-16,29.0,29.6,27.8,31.0,1.0,0.6,0.6,0.6,3.0,2.2,3.2,0.0,3.8,2.6,1.8,0.0,3.0,1.6,3.2,0.0,3.6,2.6,2.6,0.0,0,1.0,0,11,9
430,2015-10-16,Harlequins,26,Wasps,21,Twickenham Stoop,home,Luke Pearce,47,W,Fri,Oct,2015-16,23.0,31.0,33.4,32.0,0.4,0.8,0.6,0.6,2.6,0.8,2.8,0.0,3.8,2.4,2.4,0.0,3.4,2.8,3.6,0.0,3.8,2.0,2.8,0.2,1,0.0,1,8,6
273,2015-10-16,Gloucester,39,Newcastle,27,Kingston Park,away,Thomas Foley,66,W,Fri,Oct,2015-16,27.8,31.0,29.0,29.6,0.6,0.6,1.0,0.6,3.0,1.6,3.2,0.0,3.6,2.6,2.6,0.0,3.0,2.2,3.2,0.0,3.8,2.6,1.8,0.0,1,0.0,1,9,11
137,2015-10-16,Wasps,21,Harlequins,26,Twickenham Stoop,away,Luke Pearce,47,L,Fri,Oct,2015-16,33.4,32.0,23.0,31.0,0.6,0.6,0.4,0.8,3.4,2.8,3.6,0.0,3.8,2.0,2.8,0.2,2.6,0.8,2.8,0.0,3.8,2.4,2.4,0.0,0,0.0,0,6,8
350,2015-10-17,Saracens,41,Sale,3,Allianz Park,home,Dean Richards,44,W,Sat,Oct,2015-16,33.0,21.2,23.8,25.6,0.6,0.0,0.6,0.6,3.8,3.4,2.4,0.0,1.8,1.6,3.0,0.0,3.0,1.4,2.0,0.0,3.4,1.6,1.8,0.0,1,1.0,0,4,7
390,2015-10-17,Sale,3,Saracens,41,Allianz Park,away,Dean Richards,44,L,Sat,Oct,2015-16,23.8,25.6,33.0,21.2,0.6,0.6,0.6,0.0,3.0,1.4,2.0,0.0,3.4,1.6,1.8,0.0,3.8,3.4,2.4,0.0,1.8,1.6,3.0,0.0,0,0.0,1,7,4
19,2015-10-17,Exeter,17,Bath,19,The Recreation Ground,away,Tim Wigglesworth,36,L,Sat,Oct,2015-16,27.2,21.4,36.6,22.4,0.6,0.2,0.4,0.4,3.2,2.0,2.2,0.2,2.0,1.2,3.0,0.0,4.6,3.8,2.0,0.0,2.6,1.4,2.2,0.0,0,1.0,0,5,2
58,2015-10-17,Bath,19,Exeter,17,The Recreation Ground,home,Tim Wigglesworth,36,W,Sat,Oct,2015-16,36.6,22.4,27.2,21.4,0.4,0.4,0.6,0.2,4.6,3.8,2.0,0.0,2.6,1.4,2.2,0.0,3.2,2.0,2.2,0.2,2.0,1.2,3.0,0.0,1,0.0,1,2,5
217,2015-10-18,Leicester,28,London Irish,16,Madejski Stadium,away,Matthew Carley,44,W,Sun,Oct,2015-16,20.4,24.2,23.6,32.4,0.2,0.2,0.2,0.8,2.4,1.2,2.0,0.0,2.6,2.0,2.4,0.0,3.0,1.6,1.8,0.0,3.6,1.8,3.6,0.0,1,0.0,1,3,10
177,2015-10-18,London Irish,16,Leicester,28,Madejski Stadium,home,Matthew Carley,44,L,Sun,Oct,2015-16,23.6,32.4,20.4,24.2,0.2,0.8,0.2,0.2,3.0,1.6,1.8,0.0,3.6,1.8,3.6,0.0,2.4,1.2,2.0,0.0,2.6,2.0,2.4,0.0,0,0.0,0,10,3
391,2015-10-23,Gloucester,15,Saracens,17,Kingsholm,home,Matthew Carley,32,L,Fri,Oct,2015-16,34.4,31.8,37.2,16.8,0.6,0.6,0.6,0.0,3.4,1.8,4.6,0.0,3.8,2.8,2.4,0.0,4.4,4.0,2.4,0.0,1.6,1.4,2.0,0.0,0,1.0,1,9,4
100,2015-10-23,Saracens,17,Gloucester,15,Kingsholm,away,Matthew Carley,32,W,Fri,Oct,2015-16,37.2,16.8,34.4,31.8,0.6,0.0,0.6,0.6,4.4,4.0,2.4,0.0,1.6,1.4,2.0,0.0,3.4,1.8,4.6,0.0,3.8,2.8,2.4,0.0,1,1.0,1,4,9
20,2015-10-24,Wasps,16,Bath,9,Ricoh Arena,home,Craig Maxwell-Keys,25,W,Sat,Oct,2015-16,31.6,26.8,31.8,22.2,0.8,0.4,0.2,0.6,3.2,2.4,3.6,0.0,2.8,1.6,3.0,0.2,3.8,3.4,2.0,0.0,2.4,1.2,2.6,0.0,1,0.0,1,6,2
218,2015-10-24,Exeter,38,London Irish,11,Sandy Park,home,Andrew Small,49,W,Sat,Oct,2015-16,27.0,20.2,22.4,33.8,0.6,0.2,0.2,0.6,3.0,1.8,2.6,0.2,2.0,1.2,2.6,0.0,2.6,1.4,2.2,0.0,3.4,1.8,4.4,0.0,1,0.0,0,5,10
431,2015-10-24,Bath,9,Wasps,16,Ricoh Arena,away,Craig Maxwell-Keys,25,L,Sat,Oct,2015-16,31.8,22.2,31.6,26.8,0.2,0.6,0.8,0.4,3.8,3.4,2.0,0.0,2.4,1.2,2.6,0.0,3.2,2.4,3.6,0.0,2.8,1.6,3.0,0.2,0,1.0,0,2,6
59,2015-10-24,London Irish,11,Exeter,38,Sandy Park,away,Andrew Small,49,L,Sat,Oct,2015-16,22.4,33.8,27.0,20.2,0.2,0.6,0.6,0.2,2.6,1.4,2.2,0.0,3.4,1.8,4.4,0.0,3.0,1.8,2.6,0.2,2.0,1.2,2.6,0.0,0,0.0,0,10,5
274,2015-10-24,Northampton,42,Newcastle,16,Stadium mk,home,Dean Richards,58,W,Sat,Oct,2015-16,24.2,16.8,30.2,33.0,0.4,0.2,0.8,0.6,2.0,1.4,3.8,0.0,1.4,1.0,2.4,0.2,3.2,2.6,3.0,0.0,3.6,2.4,3.4,0.0,1,0.0,0,1,11
312,2015-10-24,Newcastle,16,Northampton,42,Stadium mk,away,Dean Richards,58,L,Sat,Oct,2015-16,30.2,33.0,24.2,16.8,0.8,0.6,0.4,0.2,3.2,2.6,3.0,0.0,3.6,2.4,3.4,0.0,2.0,1.4,3.8,0.0,1.4,1.0,2.4,0.2,0,0.0,0,11,1
138,2015-10-25,Leicester,22,Harlequins,19,Welford Road,home,Thomas Foley,41,W,Sun,Oct,2015-16,24.8,23.0,25.4,26.8,0.2,0.2,0.4,0.8,2.6,1.4,3.0,0.0,2.2,1.8,2.8,0.0,2.8,1.2,3.0,0.0,3.2,1.8,2.4,0.0,1,1.0,1,3,8
178,2015-10-25,Harlequins,19,Leicester,22,Welford Road,away,Thomas Foley,41,L,Sun,Oct,2015-16,25.4,26.8,24.8,23.0,0.4,0.8,0.2,0.2,2.8,1.2,3.0,0.0,3.2,1.8,2.4,0.0,2.6,1.4,3.0,0.0,2.2,1.8,2.8,0.0,0,1.0,1,8,3
139,2015-10-31,Bath,28,Harlequins,38,The Recreation Ground,home,Matthew Carley,66,L,Sat,Oct,2015-16,28.2,20.2,23.4,26.0,0.4,0.4,0.6,0.6,3.2,2.8,2.2,0.0,2.0,1.2,2.6,0.0,2.4,1.2,3.0,0.0,2.8,1.8,2.8,0.0,0,0.0,0,2,8
392,2015-10-31,London Irish,14,Saracens,24,Allianz Park,away,Greg Garner,38,L,Sat,Oct,2015-16,19.6,36.8,36.6,15.0,0.2,0.6,0.4,0.2,2.2,1.0,2.2,0.0,4.0,2.4,4.0,0.0,4.2,3.6,2.8,0.0,1.0,0.8,2.8,0.0,0,0.0,1,10,4
219,2015-10-31,Saracens,24,London Irish,14,Allianz Park,home,Greg Garner,38,W,Sat,Oct,2015-16,36.6,15.0,19.6,36.8,0.4,0.2,0.2,0.6,4.2,3.6,2.8,0.0,1.0,0.8,2.8,0.0,2.2,1.0,2.2,0.0,4.0,2.4,4.0,0.0,1,1.0,0,4,10
21,2015-10-31,Harlequins,38,Bath,28,The Recreation Ground,away,Matthew Carley,66,W,Sat,Oct,2015-16,23.4,26.0,28.2,20.2,0.6,0.6,0.4,0.4,2.4,1.2,3.0,0.0,2.8,1.8,2.8,0.0,3.2,2.8,2.2,0.0,2.0,1.2,2.6,0.0,1,0.0,0,8,2
179,2015-11-01,Wasps,16,Leicester,24,Welford Road,away,Tim Wigglesworth,40,L,Sun,Nov,2015-16,26.8,26.0,21.6,23.4,0.6,0.6,0.0,0.4,2.2,1.6,4.2,0.0,2.4,1.6,3.4,0.2,1.6,0.8,4.0,0.0,2.0,1.6,3.4,0.0,0,1.0,1,6,3
432,2015-11-01,Leicester,24,Wasps,16,Welford Road,home,Tim Wigglesworth,40,W,Sun,Nov,2015-16,21.6,23.4,26.8,26.0,0.0,0.4,0.6,0.6,1.6,0.8,4.0,0.0,2.0,1.6,3.4,0.0,2.2,1.6,4.2,0.0,2.4,1.6,3.4,0.2,1,1.0,1,3,6
275,2015-11-01,Exeter,41,Newcastle,3,Kingston Park,away,Ian Tempest,44,W,Sun,Nov,2015-16,30.4,20.4,29.6,35.6,0.8,0.2,0.8,0.6,3.8,2.4,2.0,0.2,1.8,1.2,3.0,0.0,3.2,2.6,2.8,0.0,3.8,2.6,3.8,0.0,1,1.0,0,5,11
313,2015-11-01,Sale,20,Northampton,13,AJ Bell Stadium,home,Andrew Small,33,W,Sun,Nov,2015-16,20.6,30.2,27.6,16.0,0.6,0.8,0.6,0.0,2.8,1.2,1.4,0.0,4.0,2.4,1.8,0.0,2.8,2.0,3.2,0.0,1.2,0.8,2.6,0.2,1,1.0,1,7,1
351,2015-11-01,Northampton,13,Sale,20,AJ Bell Stadium,away,Andrew Small,33,L,Sun,Nov,2015-16,27.6,16.0,20.6,30.2,0.6,0.0,0.6,0.8,2.8,2.0,3.2,0.0,1.2,0.8,2.6,0.2,2.8,1.2,1.4,0.0,4.0,2.4,1.8,0.0,0,1.0,1,1,7
60,2015-11-01,Newcastle,3,Exeter,41,Kingston Park,home,Ian Tempest,44,L,Sun,Nov,2015-16,29.6,35.6,30.4,20.4,0.8,0.6,0.8,0.2,3.2,2.6,2.8,0.0,3.8,2.6,3.8,0.0,3.8,2.4,2.0,0.2,1.8,1.2,3.0,0.0,0,0.0,1,11,5
352,2015-11-06,Harlequins,16,Sale,14,Twickenham Stoop,home,Tim Wigglesworth,30,W,Fri,Nov,2015-16,26.0,27.0,20.0,27.8,0.4,0.4,0.4,0.8,2.0,1.4,4.4,0.0,2.8,2.0,3.0,0.0,2.6,1.4,1.4,0.0,3.4,2.4,2.0,0.0,1,1.0,1,8,7
140,2015-11-06,Sale,14,Harlequins,16,Twickenham Stoop,away,Tim Wigglesworth,30,L,Fri,Nov,2015-16,20.0,27.8,26.0,27.0,0.4,0.8,0.4,0.4,2.6,1.4,1.4,0.0,3.4,2.4,2.0,0.0,2.0,1.4,4.4,0.0,2.8,2.0,3.0,0.0,0,1.0,1,7,8
180,2015-11-07,Exeter,19,Leicester,6,Sandy Park,home,Greg Garner,25,W,Sat,Nov,2015-16,32.8,13.8,21.2,22.4,0.8,0.2,0.0,0.2,4.6,2.8,1.4,0.0,1.2,0.6,2.2,0.0,1.4,0.8,4.2,0.0,2.2,1.8,2.6,0.0,1,1.0,1,5,3
314,2015-11-07,Saracens,12,Northampton,6,Franklin's Gardens,away,Luke Pearce,18,W,Sat,Nov,2015-16,27.8,14.4,21.0,20.0,0.2,0.2,0.6,0.0,2.6,2.0,3.6,0.0,1.0,0.8,2.6,0.0,1.8,1.2,3.2,0.0,1.6,1.2,3.0,0.2,1,1.0,0,4,1
393,2015-11-07,Northampton,6,Saracens,12,Franklin's Gardens,home,Luke Pearce,18,L,Sat,Nov,2015-16,21.0,20.0,27.8,14.4,0.6,0.0,0.2,0.2,1.8,1.2,3.2,0.0,1.6,1.2,3.0,0.2,2.6,2.0,3.6,0.0,1.0,0.8,2.6,0.0,0,0.0,1,1,4
61,2015-11-07,Leicester,6,Exeter,19,Sandy Park,away,Greg Garner,25,L,Sat,Nov,2015-16,21.2,22.4,32.8,13.8,0.0,0.2,0.8,0.2,1.4,0.8,4.2,0.0,2.2,1.8,2.6,0.0,4.6,2.8,1.4,0.0,1.2,0.6,2.2,0.0,0,1.0,1,3,5
22,2015-11-07,London Irish,14,Bath,45,Madejski Stadium,home,Thomas Foley,59,L,Sat,Nov,2015-16,18.8,33.0,23.8,21.8,0.2,0.4,0.2,0.2,2.2,1.2,1.8,0.0,3.4,2.0,4.0,0.0,2.4,2.0,2.6,0.0,1.6,1.2,3.8,0.0,0,0.0,0,10,2
220,2015-11-07,Bath,45,London Irish,14,Madejski Stadium,away,Thomas Foley,59,W,Sat,Nov,2015-16,23.8,21.8,18.8,33.0,0.2,0.2,0.2,0.4,2.4,2.0,2.6,0.0,1.6,1.2,3.8,0.0,2.2,1.2,1.8,0.0,3.4,2.0,4.0,0.0,1,0.0,0,2,10
101,2015-11-08,Wasps,23,Gloucester,3,Ricoh Arena,home,Ian Tempest,26,W,Sun,Nov,2015-16,22.8,25.0,28.6,25.8,0.6,0.4,0.4,0.4,1.8,1.2,3.8,0.0,2.4,1.4,3.4,0.0,2.4,0.8,5.0,0.0,3.2,2.2,1.8,0.0,1,0.0,1,6,9
433,2015-11-08,Gloucester,3,Wasps,23,Ricoh Arena,away,Ian Tempest,26,L,Sun,Nov,2015-16,28.6,25.8,22.8,25.0,0.4,0.4,0.6,0.4,2.4,0.8,5.0,0.0,3.2,2.2,1.8,0.0,1.8,1.2,3.8,0.0,2.4,1.4,3.4,0.0,0,1.0,0,9,6
315,2015-11-27,Gloucester,3,Northampton,15,Franklin's Gardens,away,Greg Garner,18,L,Fri,Nov,2015-16,22.2,27.8,19.4,18.0,0.4,0.4,0.8,0.0,1.8,0.6,4.0,0.0,3.2,2.6,2.2,0.0,1.6,1.2,3.0,0.0,1.2,1.2,3.0,0.2,0,0.0,0,9,1
102,2015-11-27,Northampton,15,Gloucester,3,Franklin's Gardens,home,Greg Garner,18,W,Fri,Nov,2015-16,19.4,18.0,22.2,27.8,0.8,0.0,0.4,0.4,1.6,1.2,3.0,0.0,1.2,1.2,3.0,0.2,1.8,0.6,4.0,0.0,3.2,2.6,2.2,0.0,1,0.0,0,1,9
62,2015-11-28,Harlequins,25,Exeter,26,Sandy Park,away,Matthew Carley,51,L,Sat,Nov,2015-16,24.0,24.4,31.8,11.0,0.2,0.6,0.8,0.0,1.6,1.4,4.4,0.0,2.6,1.8,2.6,0.0,4.2,2.4,2.0,0.0,0.8,0.2,2.2,0.0,0,1.0,1,8,5
434,2015-11-28,London Irish,15,Wasps,33,Twickenham Stadium,home,Wayne Barnes,48,L,Sat,Nov,2015-16,19.0,35.0,23.2,20.4,0.2,0.6,0.4,0.4,2.2,1.6,1.6,0.0,4.0,3.0,3.0,0.0,2.2,1.6,3.0,0.0,1.8,1.2,3.0,0.0,0,0.0,1,10,6
353,2015-11-28,Newcastle,15,Sale,15,AJ Bell Stadium,away,Craig Maxwell-Keys,30,D,Sat,Nov,2015-16,20.6,34.2,16.0,25.4,0.2,0.6,0.4,0.6,2.2,1.8,2.0,0.0,3.8,2.8,3.2,0.0,2.0,1.2,1.2,0.0,3.0,2.2,2.0,0.0,0,0.0,0,11,7
221,2015-11-28,Wasps,33,London Irish,15,Twickenham Stadium,away,Wayne Barnes,48,W,Sat,Nov,2015-16,23.2,20.4,19.0,35.0,0.4,0.4,0.2,0.6,2.2,1.6,3.0,0.0,1.8,1.2,3.0,0.0,2.2,1.6,1.6,0.0,4.0,3.0,3.0,0.0,1,1.0,0,6,10
141,2015-11-28,Exeter,26,Harlequins,25,Sandy Park,home,Matthew Carley,51,W,Sat,Nov,2015-16,31.8,11.0,24.0,24.4,0.8,0.0,0.2,0.6,4.2,2.4,2.0,0.0,0.8,0.2,2.2,0.0,1.6,1.4,4.4,0.0,2.6,1.8,2.6,0.0,1,1.0,1,5,8
276,2015-11-28,Sale,15,Newcastle,15,AJ Bell Stadium,home,Craig Maxwell-Keys,30,D,Sat,Nov,2015-16,16.0,25.4,20.6,34.2,0.4,0.6,0.2,0.6,2.0,1.2,1.2,0.0,3.0,2.2,2.0,0.0,2.2,1.8,2.0,0.0,3.8,2.8,3.2,0.0,0,0.0,0,7,11
181,2015-11-29,Bath,11,Leicester,21,Welford Road,away,JP Doyle,32,L,Sun,Nov,2015-16,23.4,22.6,18.0,23.4,0.4,0.2,0.0,0.2,2.2,2.0,2.8,0.0,1.8,1.4,3.6,0.0,1.0,0.8,3.8,0.0,2.2,2.0,2.8,0.0,0,1.0,0,2,3
23,2015-11-29,Leicester,21,Bath,11,Welford Road,home,JP Doyle,32,W,Sun,Nov,2015-16,18.0,23.4,23.4,22.6,0.0,0.2,0.4,0.2,1.0,0.8,3.8,0.0,2.2,2.0,2.8,0.0,2.2,2.0,2.8,0.0,1.8,1.4,3.6,0.0,1,0.0,1,3,2
103,2015-12-04,Sale,19,Gloucester,23,Kingsholm,away,JP Doyle,42,L,Fri,Dec,2015-16,15.8,19.6,16.8,20.8,0.4,0.4,0.2,0.2,1.6,1.2,1.8,0.0,2.0,1.8,2.0,0.0,1.0,0.2,3.8,0.0,1.8,1.4,3.0,0.0,0,0.0,0,7,9
354,2015-12-04,Gloucester,23,Sale,19,Kingsholm,home,JP Doyle,42,W,Fri,Dec,2015-16,16.8,20.8,15.8,19.6,0.2,0.2,0.4,0.4,1.0,0.2,3.8,0.0,1.8,1.4,3.0,0.0,1.6,1.2,1.8,0.0,2.0,1.8,2.0,0.0,1,0.0,1,9,7
222,2015-12-05,Harlequins,38,London Irish,7,Twickenham Stoop,home,Luke Pearce,45,W,Sat,Dec,2015-16,24.8,22.2,14.0,33.6,0.6,0.4,0.0,0.6,2.0,1.4,4.0,0.0,2.0,1.6,3.0,0.0,1.6,1.2,1.2,0.0,3.8,2.8,3.0,0.0,1,0.0,0,8,10
142,2015-12-05,London Irish,7,Harlequins,38,Twickenham Stoop,away,Luke Pearce,45,L,Sat,Dec,2015-16,14.0,33.6,24.8,22.2,0.0,0.6,0.6,0.4,1.6,1.2,1.2,0.0,3.8,2.8,3.0,0.0,2.0,1.4,4.0,0.0,2.0,1.6,3.0,0.0,0,0.0,0,10,8
435,2015-12-05,Exeter,41,Wasps,27,Ricoh Arena,away,Greg Garner,68,W,Sat,Dec,2015-16,28.2,12.8,21.8,15.4,0.6,0.4,0.4,0.2,3.2,2.2,2.6,0.0,1.2,0.4,2.0,0.0,2.0,1.4,3.0,0.0,1.2,0.8,2.6,0.0,1,1.0,1,5,6
24,2015-12-05,Northampton,13,Bath,11,The Recreation Ground,away,Craig Maxwell-Keys,24,W,Sat,Dec,2015-16,17.6,12.8,22.4,21.2,0.8,0.0,0.4,0.2,1.2,1.0,3.2,0.0,0.8,0.8,2.2,0.2,2.2,1.8,2.6,0.0,1.6,1.2,3.6,0.0,1,1.0,0,1,2
182,2015-12-05,Worcester,20,Leicester,29,Sixways,home,Wayne Barnes,49,L,Sat,Dec,2015-16,18.8,26.2,20.2,16.2,0.4,0.6,0.0,0.2,2.2,1.8,1.2,0.2,3.0,2.0,2.4,0.0,1.2,0.8,4.2,0.0,1.0,0.8,3.2,0.0,0,0.0,1,13,3
316,2015-12-05,Bath,11,Northampton,13,The Recreation Ground,home,Craig Maxwell-Keys,24,L,Sat,Dec,2015-16,22.4,21.2,17.6,12.8,0.4,0.2,0.8,0.0,2.2,1.8,2.6,0.0,1.6,1.2,3.6,0.0,1.2,1.0,3.2,0.0,0.8,0.8,2.2,0.2,0,0.0,1,2,1
453,2015-12-05,Leicester,29,Worcester,20,Sixways,away,Wayne Barnes,49,W,Sat,Dec,2015-16,20.2,16.2,18.8,26.2,0.0,0.2,0.4,0.6,1.2,0.8,4.2,0.0,1.0,0.8,3.2,0.0,2.2,1.8,1.2,0.2,3.0,2.0,2.4,0.0,1,1.0,0,3,13
63,2015-12-05,Wasps,27,Exeter,41,Ricoh Arena,home,Greg Garner,68,L,Sat,Dec,2015-16,21.8,15.4,28.2,12.8,0.4,0.2,0.6,0.4,2.0,1.4,3.0,0.0,1.2,0.8,2.6,0.0,3.2,2.2,2.6,0.0,1.2,0.4,2.0,0.0,0,1.0,1,6,5
394,2015-12-06,Newcastle,3,Saracens,38,Kingston Park,home,Andrew Small,41,L,Sun,Dec,2015-16,16.2,33.0,28.4,11.2,0.0,0.6,0.4,0.4,1.6,1.4,1.8,0.0,3.4,2.6,3.6,0.0,2.8,2.4,3.2,0.0,0.8,0.6,2.0,0.0,0,0.0,1,11,4
277,2015-12-06,Saracens,38,Newcastle,3,Kingston Park,away,Andrew Small,41,W,Sun,Dec,2015-16,28.4,11.2,16.2,33.0,0.4,0.4,0.0,0.6,2.8,2.4,3.2,0.0,0.8,0.6,2.0,0.0,1.6,1.4,1.8,0.0,3.4,2.6,3.6,0.0,1,1.0,1,4,11
317,2015-12-26,London Irish,25,Northampton,23,Madejski Stadium,home,Ian Tempest,48,W,Sat,Dec,2015-16,12.2,35.6,17.8,12.4,0.0,0.8,0.6,0.2,1.6,1.2,0.6,0.0,4.6,3.6,1.8,0.0,1.4,1.2,2.8,0.0,0.8,0.6,2.4,0.0,1,0.0,1,10,1
64,2015-12-26,Sale,17,Exeter,33,Sandy Park,away,Dean Richards,50,L,Sat,Dec,2015-16,19.0,16.0,33.0,14.4,0.6,0.2,0.6,0.4,2.0,1.2,2.2,0.0,1.6,1.0,2.0,0.0,4.2,3.0,2.0,0.0,1.6,0.8,1.6,0.0,0,0.0,1,7,5
355,2015-12-26,Exeter,33,Sale,17,Sandy Park,home,Dean Richards,50,W,Sat,Dec,2015-16,33.0,14.4,19.0,16.0,0.6,0.4,0.6,0.2,4.2,3.0,2.0,0.0,1.6,0.8,1.6,0.0,2.0,1.2,2.2,0.0,1.6,1.0,2.0,0.0,1,1.0,0,5,7
223,2015-12-26,Northampton,23,London Irish,25,Madejski Stadium,away,Ian Tempest,48,L,Sat,Dec,2015-16,17.8,12.4,12.2,35.6,0.6,0.2,0.0,0.8,1.4,1.2,2.8,0.0,0.8,0.6,2.4,0.0,1.6,1.2,0.6,0.0,4.6,3.6,1.8,0.0,0,1.0,0,1,10
278,2015-12-26,Leicester,22,Newcastle,10,Welford Road,home,Tim Wigglesworth,32,W,Sat,Dec,2015-16,20.4,17.0,11.4,32.8,0.2,0.2,0.0,0.8,1.8,1.2,3.0,0.0,1.2,1.0,3.0,0.0,1.0,0.8,1.6,0.0,3.8,3.0,2.6,0.0,1,1.0,0,3,11
183,2015-12-26,Newcastle,10,Leicester,22,Welford Road,away,Tim Wigglesworth,32,L,Sat,Dec,2015-16,11.4,32.8,20.4,17.0,0.0,0.8,0.2,0.2,1.0,0.8,1.6,0.0,3.8,3.0,2.6,0.0,1.8,1.2,3.0,0.0,1.2,1.0,3.0,0.0,0,0.0,1,11,3
25,2015-12-27,Worcester,14,Bath,21,The Recreation Ground,away,Thomas Foley,35,L,Sun,Dec,2015-16,20.2,29.6,20.8,20.4,0.4,0.6,0.6,0.0,2.4,2.0,1.4,0.0,3.8,2.6,1.8,0.0,2.2,1.6,2.2,0.0,1.6,1.4,3.2,0.0,0,0.0,0,13,2
454,2015-12-27,Bath,21,Worcester,14,The Recreation Ground,home,Thomas Foley,35,W,Sun,Dec,2015-16,20.8,20.4,20.2,29.6,0.6,0.0,0.4,0.6,2.2,1.6,2.2,0.0,1.6,1.4,3.2,0.0,2.4,2.0,1.4,0.0,3.8,2.6,1.8,0.0,1,0.0,0,2,13
436,2015-12-27,Saracens,26,Wasps,16,Ricoh Arena,away,JP Doyle,42,W,Sun,Dec,2015-16,27.8,11.2,23.0,18.4,0.4,0.4,0.2,0.4,2.6,2.0,3.6,0.0,0.8,0.6,2.0,0.0,2.2,1.8,2.8,0.0,2.0,1.2,2.0,0.0,1,1.0,0,4,6
395,2015-12-27,Wasps,16,Saracens,26,Ricoh Arena,home,JP Doyle,42,L,Sun,Dec,2015-16,23.0,18.4,27.8,11.2,0.2,0.4,0.4,0.4,2.2,1.8,2.8,0.0,2.0,1.2,2.0,0.0,2.6,2.0,3.6,0.0,0.8,0.6,2.0,0.0,0,0.0,1,6,4
104,2015-12-27,Harlequins,39,Gloucester,39,Twickenham Stadium,home,Wayne Barnes,78,D,Sun,Dec,2015-16,27.2,19.4,13.6,19.2,0.8,0.2,0.2,0.4,2.6,2.0,3.4,0.0,1.8,1.6,2.4,0.0,1.2,0.2,2.4,0.0,1.6,0.8,3.2,0.0,0,1.0,1,8,9
143,2015-12-27,Gloucester,39,Harlequins,39,Twickenham Stadium,away,Wayne Barnes,78,D,Sun,Dec,2015-16,13.6,19.2,27.2,19.4,0.2,0.4,0.8,0.2,1.2,0.2,2.4,0.0,1.6,0.8,3.2,0.0,2.6,2.0,3.4,0.0,1.8,1.6,2.4,0.0,0,1.0,1,9,8
65,2016-01-01,Northampton,8,Exeter,3,Franklin's Gardens,home,JP Doyle,11,W,Fri,Jan,2015-16,14.0,14.2,32.0,15.6,0.6,0.2,0.6,0.4,1.0,0.6,2.6,0.0,1.2,0.8,2.2,0.0,4.0,2.4,2.4,0.0,1.8,1.2,1.4,0.0,1,0.0,1,1,5
318,2016-01-01,Exeter,3,Northampton,8,Franklin's Gardens,away,JP Doyle,11,L,Fri,Jan,2015-16,32.0,15.6,14.0,14.2,0.6,0.4,0.6,0.2,4.0,2.4,2.4,0.0,1.8,1.2,1.4,0.0,1.0,0.6,2.6,0.0,1.2,0.8,2.2,0.0,0,1.0,0,5,1
224,2016-01-02,Gloucester,27,London Irish,14,Kingsholm,home,Thomas Foley,41,W,Sat,Jan,2015-16,18.4,23.6,15.0,32.6,0.2,0.6,0.0,0.8,2.2,1.0,1.8,0.0,2.4,1.6,2.8,0.0,2.0,1.6,0.6,0.0,4.0,3.0,2.2,0.0,1,0.0,1,9,10
105,2016-01-02,London Irish,14,Gloucester,27,Kingsholm,away,Thomas Foley,41,L,Sat,Jan,2015-16,15.0,32.6,18.4,23.6,0.0,0.8,0.2,0.6,2.0,1.6,0.6,0.0,4.0,3.0,2.2,0.0,2.2,1.0,1.8,0.0,2.4,1.6,2.8,0.0,0,1.0,1,10,9
437,2016-01-02,Sale,15,Wasps,9,AJ Bell Stadium,home,Luke Pearce,24,W,Sat,Jan,2015-16,17.0,20.0,23.0,21.8,0.4,0.4,0.2,0.2,1.6,1.2,2.2,0.0,2.4,1.0,2.0,0.0,2.2,1.8,2.8,0.0,2.4,1.6,2.2,0.0,1,0.0,0,7,6
396,2016-01-02,Leicester,6,Saracens,26,Allianz Park,away,Greg Garner,32,L,Sat,Jan,2015-16,20.4,15.2,29.6,11.4,0.2,0.0,0.4,0.2,2.2,1.4,2.2,0.0,1.2,1.0,2.4,0.0,2.8,2.4,3.6,0.0,1.0,0.8,1.6,0.0,0,1.0,1,3,4
356,2016-01-02,Wasps,9,Sale,15,AJ Bell Stadium,away,Luke Pearce,24,L,Sat,Jan,2015-16,23.0,21.8,17.0,20.0,0.2,0.2,0.4,0.4,2.2,1.8,2.8,0.0,2.4,1.6,2.2,0.0,1.6,1.2,2.2,0.0,2.4,1.0,2.0,0.0,0,0.0,0,6,7
279,2016-01-02,Bath,14,Newcastle,19,Kingston Park,away,Matthew Carley,33,L,Sat,Jan,2015-16,23.2,20.0,10.2,28.8,0.4,0.2,0.0,0.6,2.6,1.8,2.2,0.0,1.6,1.2,3.2,0.0,1.0,0.8,1.2,0.0,3.4,2.6,2.2,0.0,0,1.0,0,2,11
184,2016-01-02,Saracens,26,Leicester,6,Allianz Park,home,Greg Garner,32,W,Sat,Jan,2015-16,29.6,11.4,20.4,15.2,0.4,0.2,0.2,0.0,2.8,2.4,3.6,0.0,1.0,0.8,1.6,0.0,2.2,1.4,2.2,0.0,1.2,1.0,2.4,0.0,1,1.0,1,4,3
26,2016-01-02,Newcastle,19,Bath,14,Kingston Park,home,Matthew Carley,33,W,Sat,Jan,2015-16,10.2,28.8,23.2,20.0,0.0,0.6,0.4,0.2,1.0,0.8,1.2,0.0,3.4,2.6,2.2,0.0,2.6,1.8,2.2,0.0,1.6,1.2,3.2,0.0,1,0.0,1,11,2
455,2016-01-03,Harlequins,24,Worcester,20,Sixways,away,Andrew Small,44,W,Sun,Jan,2015-16,31.2,22.8,20.4,28.4,0.8,0.4,0.6,0.4,3.4,2.6,3.0,0.0,2.6,2.2,1.8,0.0,2.4,1.8,1.6,0.0,3.4,2.4,2.2,0.0,1,0.0,0,8,13
144,2016-01-03,Worcester,20,Harlequins,24,Sixways,home,Andrew Small,44,L,Sun,Jan,2015-16,20.4,28.4,31.2,22.8,0.6,0.4,0.8,0.4,2.4,1.8,1.6,0.0,3.4,2.4,2.2,0.0,3.4,2.6,3.0,0.0,2.6,2.2,1.8,0.0,0,0.0,1,13,8
185,2016-01-09,Northampton,27,Leicester,30,Welford Road,away,Wayne Barnes,57,L,Sat,Jan,2015-16,13.0,10.8,16.8,17.2,0.4,0.4,0.2,0.2,1.0,0.4,2.4,0.0,0.8,0.4,2.0,0.0,1.8,1.2,1.8,0.0,1.8,1.4,1.8,0.0,0,1.0,0,1,3
319,2016-01-09,Leicester,30,Northampton,27,Welford Road,home,Wayne Barnes,57,W,Sat,Jan,2015-16,16.8,17.2,13.0,10.8,0.2,0.2,0.4,0.4,1.8,1.2,1.8,0.0,1.8,1.4,1.8,0.0,1.0,0.4,2.4,0.0,0.8,0.4,2.0,0.0,1,0.0,1,3,1
106,2016-01-09,Exeter,19,Gloucester,10,Sandy Park,home,Ian Tempest,29,W,Sat,Jan,2015-16,24.4,16.6,19.0,22.0,0.6,0.4,0.2,0.4,2.8,1.6,2.4,0.0,2.0,1.2,1.4,0.0,2.0,1.2,2.2,0.0,2.2,1.6,2.6,0.0,1,0.0,1,5,9
145,2016-01-09,Saracens,23,Harlequins,29,Twickenham Stoop,away,Craig Maxwell-Keys,52,L,Sat,Jan,2015-16,30.0,9.8,28.4,21.2,0.6,0.2,0.8,0.6,3.2,2.8,2.8,0.0,0.6,0.4,2.0,0.0,3.6,2.8,1.6,0.0,2.6,2.0,1.4,0.0,0,1.0,1,4,8
397,2016-01-09,Harlequins,29,Saracens,23,Twickenham Stoop,home,Craig Maxwell-Keys,52,W,Sat,Jan,2015-16,28.4,21.2,30.0,9.8,0.8,0.6,0.6,0.2,3.6,2.8,1.6,0.0,2.6,2.0,1.4,0.0,3.2,2.8,2.8,0.0,0.6,0.4,2.0,0.0,1,1.0,1,8,4
66,2016-01-09,Gloucester,10,Exeter,19,Sandy Park,away,Ian Tempest,29,L,Sat,Jan,2015-16,19.0,22.0,24.4,16.6,0.2,0.4,0.6,0.4,2.0,1.2,2.2,0.0,2.2,1.6,2.6,0.0,2.8,1.6,2.4,0.0,2.0,1.2,1.4,0.0,0,1.0,0,9,5
438,2016-01-10,Worcester,22,Wasps,32,Ricoh Arena,away,Matthew Carley,54,L,Sun,Jan,2015-16,20.0,28.4,21.6,20.0,0.6,0.4,0.4,0.2,2.4,1.6,1.6,0.0,3.4,3.0,1.8,0.0,2.0,1.6,2.6,0.2,2.0,1.4,2.2,0.2,0,0.0,0,13,6
456,2016-01-10,Wasps,32,Worcester,22,Ricoh Arena,home,Matthew Carley,54,W,Sun,Jan,2015-16,21.6,20.0,20.0,28.4,0.4,0.2,0.6,0.4,2.0,1.6,2.6,0.2,2.0,1.4,2.2,0.2,2.4,1.6,1.6,0.0,3.4,3.0,1.8,0.0,1,0.0,0,6,13
280,2016-01-10,London Irish,20,Newcastle,15,Madejski Stadium,home,JP Doyle,35,W,Sun,Jan,2015-16,15.0,33.2,13.4,23.4,0.0,0.8,0.0,0.6,2.0,1.6,0.6,0.0,4.0,3.0,2.4,0.0,1.2,1.0,1.8,0.0,2.4,1.8,2.6,0.0,1,0.0,1,10,11
225,2016-01-10,Newcastle,15,London Irish,20,Madejski Stadium,away,JP Doyle,35,L,Sun,Jan,2015-16,13.4,23.4,15.0,33.2,0.0,0.6,0.0,0.8,1.2,1.0,1.8,0.0,2.4,1.8,2.6,0.0,2.0,1.6,0.6,0.0,4.0,3.0,2.4,0.0,0,1.0,0,11,10
320,2016-01-29,Wasps,24,Northampton,11,Franklin's Gardens,away,Thomas Foley,35,W,Fri,Jan,2015-16,23.4,23.8,17.2,14.4,0.6,0.2,0.4,0.4,2.4,1.8,2.4,0.2,2.2,1.6,3.0,0.2,1.6,1.0,2.4,0.0,1.4,1.0,1.8,0.0,1,1.0,0,6,1
439,2016-01-29,Northampton,11,Wasps,24,Franklin's Gardens,home,Thomas Foley,35,L,Fri,Jan,2015-16,17.2,14.4,23.4,23.8,0.4,0.4,0.6,0.2,1.6,1.0,2.4,0.0,1.4,1.0,1.8,0.0,2.4,1.8,2.4,0.2,2.2,1.6,3.0,0.2,0,0.0,1,1,6
398,2016-01-30,Bath,13,Saracens,19,Allianz Park,away,Dean Richards,32,L,Sat,Jan,2015-16,20.4,16.2,32.2,14.4,0.6,0.2,0.8,0.0,2.2,1.4,2.2,0.0,1.4,1.0,2.4,0.0,3.6,3.2,2.6,0.0,1.2,0.6,2.4,0.0,0,0.0,0,2,4
226,2016-01-30,Sale,38,London Irish,10,AJ Bell Stadium,home,Greg Garner,48,W,Sat,Jan,2015-16,16.0,19.2,16.2,27.2,0.4,0.4,0.0,0.8,1.2,0.8,2.6,0.2,2.2,0.8,2.0,0.2,2.0,1.6,1.0,0.0,3.2,2.0,2.4,0.0,1,1.0,1,7,10
107,2016-01-30,Leicester,19,Gloucester,18,Kingsholm,away,JP Doyle,37,W,Sat,Jan,2015-16,21.6,18.8,20.4,21.2,0.2,0.4,0.2,0.4,2.4,1.8,2.0,0.0,2.2,1.8,1.4,0.0,2.2,1.4,2.2,0.0,2.4,1.6,2.0,0.0,1,1.0,0,3,9
186,2016-01-30,Gloucester,18,Leicester,19,Kingsholm,home,JP Doyle,37,L,Sat,Jan,2015-16,20.4,21.2,21.6,18.8,0.2,0.4,0.2,0.4,2.2,1.4,2.2,0.0,2.4,1.6,2.0,0.0,2.4,1.8,2.0,0.0,2.2,1.8,1.4,0.0,0,0.0,1,9,3
357,2016-01-30,London Irish,10,Sale,38,AJ Bell Stadium,away,Greg Garner,48,L,Sat,Jan,2015-16,16.2,27.2,16.0,19.2,0.0,0.8,0.4,0.4,2.0,1.6,1.0,0.0,3.2,2.0,2.4,0.0,1.2,0.8,2.6,0.2,2.2,0.8,2.0,0.2,0,1.0,1,10,7
27,2016-01-30,Saracens,19,Bath,13,Allianz Park,home,Dean Richards,32,W,Sat,Jan,2015-16,32.2,14.4,20.4,16.2,0.8,0.0,0.6,0.2,3.6,3.2,2.6,0.0,1.2,0.6,2.4,0.0,2.2,1.4,2.2,0.0,1.4,1.0,2.4,0.0,1,0.0,0,4,2
146,2016-01-31,Newcastle,26,Harlequins,19,Kingston Park,home,Luke Pearce,45,W,Sun,Jan,2015-16,12.4,21.8,31.0,23.0,0.2,0.4,0.8,0.6,1.2,0.8,1.6,0.0,2.0,1.4,3.0,0.0,4.0,2.8,1.8,0.0,2.6,2.0,2.0,0.0,1,0.0,1,11,8
67,2016-01-31,Worcester,15,Exeter,30,Sixways,home,Craig Maxwell-Keys,45,L,Sun,Jan,2015-16,18.8,30.8,24.4,17.4,0.4,0.6,0.6,0.4,1.8,1.0,2.6,0.0,3.8,3.2,1.8,0.0,3.2,1.8,1.6,0.0,2.2,1.4,1.2,0.0,0,0.0,1,13,5
281,2016-01-31,Harlequins,19,Newcastle,26,Kingston Park,away,Luke Pearce,45,L,Sun,Jan,2015-16,31.0,23.0,12.4,21.8,0.8,0.6,0.2,0.4,4.0,2.8,1.8,0.0,2.6,2.0,2.0,0.0,1.2,0.8,1.6,0.0,2.0,1.4,3.0,0.0,0,1.0,0,8,11
457,2016-01-31,Exeter,30,Worcester,15,Sixways,away,Craig Maxwell-Keys,45,W,Sun,Jan,2015-16,24.4,17.4,18.8,30.8,0.6,0.4,0.4,0.6,3.2,1.8,1.6,0.0,2.2,1.4,1.2,0.0,1.8,1.0,2.6,0.0,3.8,3.2,1.8,0.0,1,1.0,0,5,13
28,2016-02-05,Gloucester,15,Bath,11,The Recreation Ground,away,Matthew Carley,26,W,Fri,Feb,2015-16,23.4,22.0,14.0,17.2,0.4,0.4,0.6,0.2,2.6,1.6,2.4,0.0,3.0,2.0,1.0,0.0,1.2,0.4,2.4,0.0,1.2,0.8,3.2,0.0,1,0.0,0,9,2
108,2016-02-05,Bath,11,Gloucester,15,The Recreation Ground,home,Matthew Carley,26,L,Fri,Feb,2015-16,14.0,17.2,23.4,22.0,0.6,0.2,0.4,0.4,1.2,0.4,2.4,0.0,1.2,0.8,3.2,0.0,2.6,1.6,2.4,0.0,3.0,2.0,1.0,0.0,0,0.0,0,2,9
282,2016-02-06,Wasps,9,Newcastle,8,Ricoh Arena,home,Craig Maxwell-Keys,17,W,Sat,Feb,2015-16,21.6,23.0,14.6,22.6,0.4,0.2,0.2,0.6,2.2,2.0,2.0,0.2,2.0,1.4,3.2,0.2,1.2,1.0,2.2,0.0,2.6,1.8,2.0,0.0,1,1.0,1,6,11
321,2016-02-06,Harlequins,23,Northampton,27,Twickenham Stoop,home,Greg Garner,50,L,Sat,Feb,2015-16,29.8,23.0,16.4,18.6,0.6,0.6,0.4,0.4,3.8,3.0,1.6,0.0,2.6,2.0,2.0,0.0,1.8,1.0,1.8,0.0,2.0,1.6,1.8,0.0,0,0.0,0,8,1
358,2016-02-06,Leicester,3,Sale,10,Welford Road,home,Tim Wigglesworth,13,L,Sat,Feb,2015-16,21.2,20.2,20.8,18.0,0.2,0.6,0.4,0.4,2.6,2.0,1.4,0.0,2.4,2.0,1.4,0.0,2.0,1.2,2.6,0.2,2.2,0.8,1.6,0.2,0,1.0,1,3,7
440,2016-02-06,Newcastle,8,Wasps,9,Ricoh Arena,away,Craig Maxwell-Keys,17,L,Sat,Feb,2015-16,14.6,22.6,21.6,23.0,0.2,0.6,0.4,0.2,1.2,1.0,2.2,0.0,2.6,1.8,2.0,0.0,2.2,2.0,2.0,0.2,2.0,1.4,3.2,0.2,0,1.0,1,11,6
187,2016-02-06,Sale,10,Leicester,3,Welford Road,away,Tim Wigglesworth,13,W,Sat,Feb,2015-16,20.8,18.0,21.2,20.2,0.4,0.4,0.2,0.6,2.0,1.2,2.6,0.2,2.2,0.8,1.6,0.2,2.6,2.0,1.4,0.0,2.4,2.0,1.4,0.0,1,1.0,1,7,3
147,2016-02-06,Northampton,27,Harlequins,23,Twickenham Stoop,away,Greg Garner,50,W,Sat,Feb,2015-16,16.4,18.6,29.8,23.0,0.4,0.4,0.6,0.6,1.8,1.0,1.8,0.0,2.0,1.6,1.8,0.0,3.8,3.0,1.6,0.0,2.6,2.0,2.0,0.0,1,0.0,0,1,8
227,2016-02-07,Worcester,13,London Irish,20,Madejski Stadium,away,Wayne Barnes,33,L,Sun,Feb,2015-16,18.2,27.2,15.2,28.2,0.4,0.6,0.0,0.8,1.4,0.8,3.2,0.0,3.4,2.4,1.8,0.0,1.8,1.6,1.0,0.0,3.6,2.4,1.8,0.0,0,0.0,0,13,10
399,2016-02-07,Exeter,11,Saracens,14,Sandy Park,home,Thomas Foley,25,L,Sun,Feb,2015-16,25.2,15.4,26.4,13.4,0.8,0.0,0.6,0.2,3.6,1.8,1.2,0.0,1.4,1.2,2.0,0.0,2.6,2.2,3.0,0.0,1.0,0.6,2.4,0.0,0,1.0,1,5,4
458,2016-02-07,London Irish,20,Worcester,13,Madejski Stadium,home,Wayne Barnes,33,W,Sun,Feb,2015-16,15.2,28.2,18.2,27.2,0.0,0.8,0.4,0.6,1.8,1.6,1.0,0.0,3.6,2.4,1.8,0.0,1.4,0.8,3.2,0.0,3.4,2.4,1.8,0.0,1,0.0,0,10,13
68,2016-02-07,Saracens,14,Exeter,11,Sandy Park,away,Thomas Foley,25,W,Sun,Feb,2015-16,26.4,13.4,25.2,15.4,0.6,0.2,0.8,0.0,2.6,2.2,3.0,0.0,1.0,0.6,2.4,0.0,3.6,1.8,1.2,0.0,1.4,1.2,2.0,0.0,1,1.0,1,4,5
188,2016-02-12,Newcastle,26,Leicester,14,Kingston Park,home,Greg Garner,40,W,Fri,Feb,2015-16,15.6,16.8,16.0,18.2,0.4,0.4,0.2,0.6,1.4,1.0,2.2,0.0,1.8,1.2,1.8,0.0,1.8,1.4,1.4,0.0,2.2,1.8,1.2,0.0,1,0.0,0,11,3
283,2016-02-12,Leicester,14,Newcastle,26,Kingston Park,away,Greg Garner,40,L,Fri,Feb,2015-16,16.0,18.2,15.6,16.8,0.2,0.6,0.4,0.4,1.8,1.4,1.4,0.0,2.2,1.8,1.2,0.0,1.4,1.0,2.2,0.0,1.8,1.2,1.8,0.0,0,0.0,0,3,11
459,2016-02-13,Bath,16,Worcester,14,Sixways,away,JP Doyle,30,W,Sat,Feb,2015-16,14.0,16.0,16.8,25.4,0.8,0.2,0.6,0.4,1.2,0.4,2.4,0.0,0.8,0.6,3.6,0.0,1.4,0.4,3.0,0.0,3.0,2.2,2.0,0.0,1,0.0,0,2,13
69,2016-02-13,Sale,23,Exeter,17,AJ Bell Stadium,home,Andrew Small,40,W,Sat,Feb,2015-16,19.8,15.6,19.2,12.8,0.4,0.6,0.8,0.0,2.2,1.4,1.8,0.2,1.8,0.6,1.6,0.2,2.6,1.0,1.4,0.0,1.0,0.6,2.2,0.0,1,1.0,0,7,5
29,2016-02-13,Worcester,14,Bath,16,Sixways,home,JP Doyle,30,L,Sat,Feb,2015-16,16.8,25.4,14.0,16.0,0.6,0.4,0.8,0.2,1.4,0.4,3.0,0.0,3.0,2.2,2.0,0.0,1.2,0.4,2.4,0.0,0.8,0.6,3.6,0.0,0,0.0,0,13,2
109,2016-02-13,Harlequins,6,Gloucester,28,Kingsholm,away,Wayne Barnes,34,L,Sat,Feb,2015-16,26.8,27.0,21.8,20.4,0.6,0.6,0.4,0.4,3.2,2.4,2.0,0.0,3.0,2.4,2.4,0.0,2.0,1.4,3.0,0.0,2.8,2.0,0.8,0.0,0,0.0,1,8,9
322,2016-02-13,London Irish,7,Northampton,35,Franklin's Gardens,away,Tim Wigglesworth,42,L,Sat,Feb,2015-16,17.8,23.2,19.2,21.0,0.0,0.8,0.4,0.4,2.0,1.8,1.4,0.0,3.0,1.4,1.8,0.0,2.2,1.4,1.8,0.0,2.2,2.0,2.0,0.0,0,1.0,1,10,1
359,2016-02-13,Exeter,17,Sale,23,AJ Bell Stadium,away,Andrew Small,40,L,Sat,Feb,2015-16,19.2,12.8,19.8,15.6,0.8,0.0,0.4,0.6,2.6,1.0,1.4,0.0,1.0,0.6,2.2,0.0,2.2,1.4,1.8,0.2,1.8,0.6,1.6,0.2,0,0.0,1,5,7
148,2016-02-13,Gloucester,28,Harlequins,6,Kingsholm,home,Wayne Barnes,34,W,Sat,Feb,2015-16,21.8,20.4,26.8,27.0,0.4,0.4,0.6,0.6,2.0,1.4,3.0,0.0,2.8,2.0,0.8,0.0,3.2,2.4,2.0,0.0,3.0,2.4,2.4,0.0,1,1.0,0,9,8
228,2016-02-13,Northampton,35,London Irish,7,Franklin's Gardens,home,Tim Wigglesworth,42,W,Sat,Feb,2015-16,19.2,21.0,17.8,23.2,0.4,0.4,0.0,0.8,2.2,1.4,1.8,0.0,2.2,2.0,2.0,0.0,2.0,1.8,1.4,0.0,3.0,1.4,1.8,0.0,1,1.0,1,1,10
400,2016-02-14,Wasps,64,Saracens,23,Allianz Park,away,Ian Tempest,87,W,Sun,Feb,2015-16,18.0,16.4,21.6,15.0,0.4,0.2,0.4,0.4,1.6,1.4,2.2,0.2,1.0,0.6,3.2,0.2,2.0,1.6,2.8,0.0,1.2,0.6,2.6,0.0,1,1.0,1,6,4
441,2016-02-14,Saracens,23,Wasps,64,Allianz Park,home,Ian Tempest,87,L,Sun,Feb,2015-16,21.6,15.0,18.0,16.4,0.4,0.4,0.4,0.2,2.0,1.6,2.8,0.0,1.2,0.6,2.6,0.0,1.6,1.4,2.2,0.2,1.0,0.6,3.2,0.2,0,1.0,1,4,6
149,2016-02-19,Leicester,19,Harlequins,25,Twickenham Stoop,away,JP Doyle,44,L,Fri,Feb,2015-16,14.4,21.4,20.2,24.8,0.2,0.6,0.4,0.4,1.4,1.0,1.8,0.0,2.4,2.0,1.8,0.0,2.2,1.6,2.0,0.0,2.6,2.0,2.6,0.0,0,0.0,0,3,8
189,2016-02-19,Harlequins,25,Leicester,19,Twickenham Stoop,home,JP Doyle,44,W,Fri,Feb,2015-16,20.2,24.8,14.4,21.4,0.4,0.4,0.2,0.6,2.2,1.6,2.0,0.0,2.6,2.0,2.6,0.0,1.4,1.0,1.8,0.0,2.4,2.0,1.8,0.0,1,0.0,0,8,3
30,2016-02-20,Wasps,24,Bath,18,The Recreation Ground,away,Thomas Foley,42,W,Sat,Feb,2015-16,27.6,15.8,15.0,16.2,0.6,0.2,0.6,0.4,3.0,2.4,2.4,0.2,1.0,0.6,3.0,0.2,1.2,0.6,2.6,0.0,1.0,0.8,3.2,0.0,1,1.0,1,6,2
401,2016-02-20,Gloucester,12,Saracens,25,Allianz Park,away,Craig Maxwell-Keys,37,L,Sat,Feb,2015-16,19.6,13.8,21.0,24.6,0.2,0.2,0.4,0.6,1.6,1.0,3.2,0.0,1.8,1.2,0.8,0.0,2.0,1.6,2.6,0.0,2.6,1.6,2.8,0.0,0,1.0,0,9,4
360,2016-02-20,Worcester,31,Sale,23,Sixways,home,Greg Garner,54,W,Sat,Feb,2015-16,16.8,24.4,20.6,14.4,0.6,0.4,0.2,0.8,1.6,0.8,2.4,0.0,2.8,2.2,2.0,0.0,2.4,1.6,1.6,0.2,1.6,0.8,1.4,0.2,1,0.0,1,13,7
442,2016-02-20,Bath,18,Wasps,24,The Recreation Ground,home,Thomas Foley,42,L,Sat,Feb,2015-16,15.0,16.2,27.6,15.8,0.6,0.4,0.6,0.2,1.2,0.6,2.6,0.0,1.0,0.8,3.2,0.0,3.0,2.4,2.4,0.2,1.0,0.6,3.0,0.2,0,1.0,1,2,6
110,2016-02-20,Saracens,25,Gloucester,12,Allianz Park,home,Craig Maxwell-Keys,37,W,Sat,Feb,2015-16,21.0,24.6,19.6,13.8,0.4,0.6,0.2,0.2,2.0,1.6,2.6,0.0,2.6,1.6,2.8,0.0,1.6,1.0,3.2,0.0,1.8,1.2,0.8,0.0,1,0.0,1,4,9
460,2016-02-20,Sale,23,Worcester,31,Sixways,away,Greg Garner,54,L,Sat,Feb,2015-16,20.6,14.4,16.8,24.4,0.2,0.8,0.6,0.4,2.4,1.6,1.6,0.2,1.6,0.8,1.4,0.2,1.6,0.8,2.4,0.0,2.8,2.2,2.0,0.0,0,1.0,0,7,13
284,2016-02-21,Northampton,25,Newcastle,26,Kingston Park,away,Wayne Barnes,51,L,Sun,Feb,2015-16,21.6,17.4,18.8,15.2,0.4,0.4,0.4,0.4,2.6,2.2,1.4,0.0,1.8,1.8,1.6,0.0,1.6,1.2,2.8,0.0,1.4,0.8,2.2,0.0,0,1.0,1,1,11
70,2016-02-21,London Irish,15,Exeter,22,Madejski Stadium,home,Dean Richards,37,L,Sun,Feb,2015-16,14.2,25.6,16.0,14.0,0.0,0.8,0.8,0.0,1.6,1.6,1.0,0.0,3.4,2.2,1.4,0.0,2.0,1.2,1.2,0.0,1.2,0.4,2.4,0.0,0,0.0,0,10,5
229,2016-02-21,Exeter,22,London Irish,15,Madejski Stadium,away,Dean Richards,37,W,Sun,Feb,2015-16,16.0,14.0,14.2,25.6,0.8,0.0,0.0,0.8,2.0,1.2,1.2,0.0,1.2,0.4,2.4,0.0,1.6,1.6,1.0,0.0,3.4,2.2,1.4,0.0,1,0.0,0,5,10
323,2016-02-21,Newcastle,26,Northampton,25,Kingston Park,home,Wayne Barnes,51,W,Sun,Feb,2015-16,18.8,15.2,21.6,17.4,0.4,0.4,0.4,0.4,1.6,1.2,2.8,0.0,1.4,0.8,2.2,0.0,2.6,2.2,1.4,0.0,1.8,1.8,1.6,0.0,1,1.0,1,11,1
361,2016-02-27,Saracens,36,Sale,36,AJ Bell Stadium,away,Tim Wigglesworth,72,D,Sat,Feb,2015-16,20.8,25.8,21.8,14.0,0.2,0.6,0.4,0.6,1.4,1.2,3.8,0.0,2.6,1.6,3.2,0.0,2.8,1.2,1.6,0.2,1.2,1.0,1.8,0.2,0,1.0,0,4,7
402,2016-02-27,Sale,36,Saracens,36,AJ Bell Stadium,home,Tim Wigglesworth,72,D,Sat,Feb,2015-16,21.8,14.0,20.8,25.8,0.4,0.6,0.2,0.6,2.8,1.2,1.6,0.2,1.2,1.0,1.8,0.2,1.4,1.2,3.8,0.0,2.6,1.6,3.2,0.0,0,0.0,1,7,4
324,2016-02-27,Worcester,18,Northampton,38,Franklin's Gardens,away,Matthew Carley,56,L,Sat,Feb,2015-16,19.0,24.2,25.0,22.0,0.4,0.6,0.6,0.2,1.6,1.0,3.0,0.0,3.0,1.6,2.0,0.0,3.0,2.6,1.6,0.0,2.2,2.2,2.2,0.0,0,1.0,0,13,1
111,2016-02-27,Newcastle,6,Gloucester,32,Kingsholm,away,Dean Richards,38,L,Sat,Feb,2015-16,20.2,17.4,16.6,16.0,0.4,0.4,0.2,0.2,1.8,1.4,2.8,0.0,1.8,1.2,2.0,0.0,1.2,0.8,3.0,0.0,1.6,1.0,2.0,0.0,0,1.0,0,11,9
285,2016-02-27,Gloucester,32,Newcastle,6,Kingsholm,home,Dean Richards,38,W,Sat,Feb,2015-16,16.6,16.0,20.2,17.4,0.2,0.2,0.4,0.4,1.2,0.8,3.0,0.0,1.6,1.0,2.0,0.0,1.8,1.4,2.8,0.0,1.8,1.2,2.0,0.0,1,0.0,1,9,11
461,2016-02-27,Northampton,38,Worcester,18,Franklin's Gardens,home,Matthew Carley,56,W,Sat,Feb,2015-16,25.0,22.0,19.0,24.2,0.6,0.2,0.4,0.6,3.0,2.6,1.6,0.0,2.2,2.2,2.2,0.0,1.6,1.0,3.0,0.0,3.0,1.6,2.0,0.0,1,0.0,1,1,13
71,2016-02-28,Bath,17,Exeter,26,Sandy Park,away,Greg Garner,43,L,Sun,Feb,2015-16,14.4,18.2,19.8,15.4,0.8,0.2,0.6,0.2,1.2,0.6,2.4,0.0,1.4,0.8,3.2,0.0,2.2,1.4,2.0,0.0,1.4,0.6,2.4,0.0,0,0.0,1,2,5
443,2016-02-28,Harlequins,10,Wasps,42,Ricoh Arena,away,Craig Maxwell-Keys,52,L,Sun,Feb,2015-16,20.4,24.6,30.6,16.4,0.4,0.4,0.4,0.4,1.8,1.2,3.0,0.0,2.2,2.0,3.2,0.0,3.6,2.4,2.6,0.0,1.4,0.8,2.6,0.0,0,1.0,1,8,6
190,2016-02-28,London Irish,20,Leicester,47,Welford Road,away,Ian Tempest,67,L,Sun,Feb,2015-16,14.4,24.6,17.0,21.2,0.2,0.8,0.4,0.4,1.6,1.4,1.2,0.0,3.2,2.2,1.4,0.0,1.6,1.2,2.2,0.0,1.8,1.6,3.0,0.0,0,0.0,0,10,3
31,2016-02-28,Exeter,26,Bath,17,Sandy Park,home,Greg Garner,43,W,Sun,Feb,2015-16,19.8,15.4,14.4,18.2,0.6,0.2,0.8,0.2,2.2,1.4,2.0,0.0,1.4,0.6,2.4,0.0,1.2,0.6,2.4,0.0,1.4,0.8,3.2,0.0,1,1.0,0,5,2
150,2016-02-28,Wasps,42,Harlequins,10,Ricoh Arena,home,Craig Maxwell-Keys,52,W,Sun,Feb,2015-16,30.6,16.4,20.4,24.6,0.4,0.4,0.4,0.4,3.6,2.4,2.6,0.0,1.4,0.8,2.6,0.0,1.8,1.2,3.0,0.0,2.2,2.0,3.2,0.0,1,1.0,1,6,8
230,2016-02-28,Leicester,47,London Irish,20,Welford Road,home,Ian Tempest,67,W,Sun,Feb,2015-16,17.0,21.2,14.4,24.6,0.4,0.4,0.2,0.8,1.6,1.2,2.2,0.0,1.8,1.6,3.0,0.0,1.6,1.4,1.2,0.0,3.2,2.2,1.4,0.0,1,0.0,0,3,10
286,2016-03-04,Worcester,15,Newcastle,14,Kingston Park,away,Wayne Barnes,29,W,Fri,Mar,2015-16,18.2,25.4,18.4,19.8,0.4,0.6,0.2,0.6,1.8,1.0,2.4,0.0,3.4,1.8,1.6,0.0,1.4,1.2,3.0,0.0,2.2,1.4,2.0,0.0,1,0.0,0,13,11
462,2016-03-04,Newcastle,14,Worcester,15,Kingston Park,home,Wayne Barnes,29,L,Fri,Mar,2015-16,18.4,19.8,18.2,25.4,0.2,0.6,0.4,0.6,1.4,1.2,3.0,0.0,2.2,1.4,2.0,0.0,1.8,1.0,2.4,0.0,3.4,1.8,1.6,0.0,0,0.0,0,11,13
32,2016-03-05,London Irish,17,Bath,25,The Recreation Ground,away,JP Doyle,42,L,Sat,Mar,2015-16,14.4,31.0,15.0,19.6,0.2,0.8,0.6,0.2,1.8,1.2,1.0,0.0,4.2,3.2,1.2,0.0,1.4,1.0,2.0,0.0,1.6,1.0,3.2,0.0,0,0.0,0,10,2
403,2016-03-05,Northampton,20,Saracens,15,Allianz Park,away,Thomas Foley,35,W,Sat,Mar,2015-16,27.2,19.6,23.4,27.2,0.6,0.2,0.2,0.8,3.6,2.8,1.2,0.0,2.0,1.8,2.0,0.0,2.0,1.6,3.4,0.0,3.0,1.6,3.0,0.0,1,1.0,1,1,4
151,2016-03-05,Sale,29,Harlequins,23,AJ Bell Stadium,home,Ian Tempest,52,W,Sat,Mar,2015-16,26.0,19.4,16.6,28.4,0.6,0.6,0.4,0.4,3.8,1.4,1.4,0.0,2.2,1.8,1.6,0.0,1.6,1.0,2.2,0.0,3.0,2.8,2.6,0.0,1,0.0,0,7,8
444,2016-03-05,Gloucester,13,Wasps,10,Kingsholm,home,Luke Pearce,23,W,Sat,Mar,2015-16,21.0,13.4,32.6,14.0,0.4,0.2,0.4,0.4,1.8,1.2,3.2,0.0,1.0,0.6,2.4,0.0,4.0,3.0,2.2,0.0,1.6,0.6,1.6,0.0,1,1.0,1,9,6
362,2016-03-05,Harlequins,23,Sale,29,AJ Bell Stadium,away,Ian Tempest,52,L,Sat,Mar,2015-16,16.6,28.4,26.0,19.4,0.4,0.4,0.6,0.6,1.6,1.0,2.2,0.0,3.0,2.8,2.6,0.0,3.8,1.4,1.4,0.0,2.2,1.8,1.6,0.0,0,0.0,1,8,7
231,2016-03-05,Bath,25,London Irish,17,The Recreation Ground,home,JP Doyle,42,W,Sat,Mar,2015-16,15.0,19.6,14.4,31.0,0.6,0.2,0.2,0.8,1.4,1.0,2.0,0.0,1.6,1.0,3.2,0.0,1.8,1.2,1.0,0.0,4.2,3.2,1.2,0.0,1,0.0,0,2,10
112,2016-03-05,Wasps,10,Gloucester,13,Kingsholm,away,Luke Pearce,23,L,Sat,Mar,2015-16,32.6,14.0,21.0,13.4,0.4,0.4,0.4,0.2,4.0,3.0,2.2,0.0,1.6,0.6,1.6,0.0,1.8,1.2,3.2,0.0,1.0,0.6,2.4,0.0,0,1.0,1,6,9
325,2016-03-05,Saracens,15,Northampton,20,Allianz Park,home,Thomas Foley,35,L,Sat,Mar,2015-16,23.4,27.2,27.2,19.6,0.2,0.8,0.6,0.2,2.0,1.6,3.4,0.0,3.0,1.6,3.0,0.0,3.6,2.8,1.2,0.0,2.0,1.8,2.0,0.0,0,0.0,1,4,1
191,2016-03-06,Exeter,27,Leicester,31,Welford Road,away,Matthew Carley,58,L,Sun,Mar,2015-16,21.2,16.8,20.4,19.8,0.6,0.2,0.6,0.2,2.0,1.4,2.8,0.0,1.6,0.8,2.4,0.0,2.4,1.8,1.6,0.0,1.8,1.2,2.8,0.0,0,1.0,1,5,3
72,2016-03-06,Leicester,31,Exeter,27,Welford Road,home,Matthew Carley,58,W,Sun,Mar,2015-16,20.4,19.8,21.2,16.8,0.6,0.2,0.6,0.2,2.4,1.8,1.6,0.0,1.8,1.2,2.8,0.0,2.0,1.4,2.8,0.0,1.6,0.8,2.4,0.0,1,1.0,1,3,5
152,2016-03-11,Bath,28,Harlequins,35,Twickenham Stoop,away,Dean Richards,63,L,Fri,Mar,2015-16,17.4,19.2,17.4,29.0,0.6,0.2,0.4,0.4,2.0,1.0,1.8,0.0,1.6,0.8,3.2,0.0,1.4,1.0,2.8,0.0,3.0,2.8,2.8,0.0,0,1.0,0,2,8
33,2016-03-11,Harlequins,35,Bath,28,Twickenham Stoop,home,Dean Richards,63,W,Fri,Mar,2015-16,17.4,29.0,17.4,19.2,0.4,0.4,0.6,0.2,1.4,1.0,2.8,0.0,3.0,2.8,2.8,0.0,2.0,1.0,1.8,0.0,1.6,0.8,3.2,0.0,1,0.0,1,8,2
404,2016-03-12,London Irish,16,Saracens,26,Red Bull Arena,home,Luke Pearce,42,L,Sat,Mar,2015-16,15.8,28.4,22.6,28.6,0.2,0.8,0.4,0.6,1.8,1.0,1.6,0.0,3.8,2.6,1.4,0.0,1.8,1.4,3.6,0.0,3.2,1.8,3.0,0.0,0,0.0,0,10,4
287,2016-03-12,Exeter,32,Newcastle,17,Sandy Park,home,Craig Maxwell-Keys,49,W,Sat,Mar,2015-16,20.6,20.0,16.0,19.0,0.6,0.4,0.4,0.4,1.8,1.6,2.8,0.0,2.4,1.6,1.6,0.0,1.2,0.8,2.8,0.0,2.0,1.2,2.2,0.0,1,0.0,0,5,11
445,2016-03-12,Leicester,24,Wasps,36,Ricoh Arena,away,Greg Garner,60,L,Sat,Mar,2015-16,22.8,21.6,29.8,14.4,0.8,0.2,0.6,0.4,2.6,2.2,1.8,0.0,2.0,1.6,2.8,0.0,3.6,2.6,2.2,0.0,1.6,0.8,1.6,0.0,0,1.0,0,3,6
113,2016-03-12,Worcester,28,Gloucester,20,Sixways,home,Ian Tempest,48,W,Sat,Mar,2015-16,18.2,22.2,20.0,11.6,0.4,0.6,0.2,0.4,2.2,1.2,1.6,0.0,2.8,1.4,1.8,0.0,1.6,1.2,3.2,0.0,0.6,0.4,2.6,0.0,1,1.0,1,13,9
192,2016-03-12,Wasps,36,Leicester,24,Ricoh Arena,home,Greg Garner,60,W,Sat,Mar,2015-16,29.8,14.4,22.8,21.6,0.6,0.4,0.8,0.2,3.6,2.6,2.2,0.0,1.6,0.8,1.6,0.0,2.6,2.2,1.8,0.0,2.0,1.6,2.8,0.0,1,0.0,1,6,3
326,2016-03-12,Sale,11,Northampton,26,Franklin's Gardens,away,JP Doyle,37,L,Sat,Mar,2015-16,24.2,22.0,29.0,17.8,0.4,0.8,0.6,0.4,3.0,1.0,2.4,0.0,2.4,2.0,2.0,0.0,3.8,3.2,1.2,0.0,1.4,1.2,2.8,0.0,0,1.0,1,7,1
73,2016-03-12,Newcastle,17,Exeter,32,Sandy Park,away,Craig Maxwell-Keys,49,L,Sat,Mar,2015-16,16.0,19.0,20.6,20.0,0.4,0.4,0.6,0.4,1.2,0.8,2.8,0.0,2.0,1.2,2.2,0.0,1.8,1.6,2.8,0.0,2.4,1.6,1.6,0.0,0,0.0,0,11,5
232,2016-03-12,Saracens,26,London Irish,16,Red Bull Arena,away,Luke Pearce,42,W,Sat,Mar,2015-16,22.6,28.6,15.8,28.4,0.4,0.6,0.2,0.8,1.8,1.4,3.6,0.0,3.2,1.8,3.0,0.0,1.8,1.0,1.6,0.0,3.8,2.6,1.4,0.0,1,0.0,0,4,10
363,2016-03-12,Northampton,26,Sale,11,Franklin's Gardens,home,JP Doyle,37,W,Sat,Mar,2015-16,29.0,17.8,24.2,22.0,0.6,0.4,0.4,0.8,3.8,3.2,1.2,0.0,1.4,1.2,2.8,0.0,3.0,1.0,2.4,0.0,2.4,2.0,2.0,0.0,1,1.0,1,1,7
463,2016-03-12,Gloucester,20,Worcester,28,Sixways,away,Ian Tempest,48,L,Sat,Mar,2015-16,20.0,11.6,18.2,22.2,0.2,0.4,0.4,0.6,1.6,1.2,3.2,0.0,0.6,0.4,2.6,0.0,2.2,1.2,1.6,0.0,2.8,1.4,1.8,0.0,0,1.0,1,9,13
34,2016-03-18,Newcastle,19,Bath,21,The Recreation Ground,away,Tim Wigglesworth,40,L,Fri,Mar,2015-16,17.8,23.6,20.8,23.2,0.2,0.6,0.6,0.4,1.4,1.2,2.8,0.0,2.8,1.8,2.0,0.0,2.4,1.4,2.0,0.0,2.4,1.4,2.8,0.0,0,0.0,0,11,2
288,2016-03-18,Bath,21,Newcastle,19,The Recreation Ground,home,Tim Wigglesworth,40,W,Fri,Mar,2015-16,20.8,23.2,17.8,23.6,0.6,0.4,0.2,0.6,2.4,1.4,2.0,0.0,2.4,1.4,2.8,0.0,1.4,1.2,2.8,0.0,2.8,1.8,2.0,0.0,1,0.0,0,2,11
153,2016-03-19,Worcester,21,Harlequins,15,Twickenham Stoop,away,Craig Maxwell-Keys,36,W,Sat,Mar,2015-16,21.2,22.2,19.8,29.2,0.2,0.6,0.4,0.6,2.4,1.6,2.0,0.0,2.8,1.4,1.8,0.0,1.8,1.2,2.8,0.0,3.0,2.6,3.0,0.0,1,1.0,1,13,8
464,2016-03-19,Harlequins,15,Worcester,21,Twickenham Stoop,home,Craig Maxwell-Keys,36,L,Sat,Mar,2015-16,19.8,29.2,21.2,22.2,0.4,0.6,0.2,0.6,1.8,1.2,2.8,0.0,3.0,2.6,3.0,0.0,2.4,1.6,2.0,0.0,2.8,1.4,1.8,0.0,0,1.0,1,8,13
364,2016-03-20,Wasps,39,Sale,12,Ricoh Arena,home,Dean Richards,51,W,Sun,Mar,2015-16,35.2,17.6,24.4,26.6,0.8,0.2,0.4,0.8,4.6,3.4,1.8,0.0,2.0,1.4,1.6,0.0,3.0,0.8,2.6,0.0,3.2,2.6,1.8,0.0,1,1.0,0,6,7
405,2016-03-20,Leicester,21,Saracens,13,Welford Road,home,JP Doyle,34,W,Sun,Mar,2015-16,27.0,26.8,25.0,29.6,0.6,0.4,0.4,0.4,3.2,2.8,1.8,0.0,2.8,2.2,2.8,0.0,2.0,1.8,3.8,0.0,3.2,2.0,3.2,0.0,1,0.0,1,3,4
233,2016-03-20,Gloucester,18,London Irish,23,Madejski Stadium,away,Matthew Carley,41,L,Sun,Mar,2015-16,21.0,15.0,15.0,31.0,0.2,0.2,0.2,0.6,2.0,1.6,2.6,0.0,1.0,0.8,2.8,0.0,1.6,0.8,1.8,0.0,3.8,3.0,2.0,0.0,0,0.0,0,9,10
446,2016-03-20,Sale,12,Wasps,39,Ricoh Arena,away,Dean Richards,51,L,Sun,Mar,2015-16,24.4,26.6,35.2,17.6,0.4,0.8,0.8,0.2,3.0,0.8,2.6,0.0,3.2,2.6,1.8,0.0,4.6,3.4,1.8,0.0,2.0,1.4,1.6,0.0,0,0.0,1,7,6
114,2016-03-20,London Irish,23,Gloucester,18,Madejski Stadium,home,Matthew Carley,41,W,Sun,Mar,2015-16,15.0,31.0,21.0,15.0,0.2,0.6,0.2,0.2,1.6,0.8,1.8,0.0,3.8,3.0,2.0,0.0,2.0,1.6,2.6,0.0,1.0,0.8,2.8,0.0,1,0.0,0,10,9
193,2016-03-20,Saracens,13,Leicester,21,Welford Road,away,JP Doyle,34,L,Sun,Mar,2015-16,25.0,29.6,27.0,26.8,0.4,0.4,0.6,0.4,2.0,1.8,3.8,0.0,3.2,2.0,3.2,0.0,3.2,2.8,1.8,0.0,2.8,2.2,2.8,0.0,0,1.0,0,4,3
74,2016-03-20,Northampton,12,Exeter,20,Sandy Park,away,Greg Garner,32,L,Sun,Mar,2015-16,28.8,15.4,24.8,20.6,0.8,0.2,0.6,0.4,4.0,3.2,0.8,0.0,1.2,0.8,2.6,0.0,2.4,2.2,2.8,0.0,2.6,2.0,1.2,0.0,0,1.0,1,1,5
327,2016-03-20,Exeter,20,Northampton,12,Sandy Park,home,Greg Garner,32,W,Sun,Mar,2015-16,24.8,20.6,28.8,15.4,0.6,0.4,0.8,0.2,2.4,2.2,2.8,0.0,2.6,2.0,1.2,0.0,4.0,3.2,0.8,0.0,1.2,0.8,2.6,0.0,1,1.0,1,5,1
406,2016-03-26,Exeter,18,Saracens,36,Allianz Park,away,Matthew Carley,54,L,Sat,Mar,2015-16,25.4,18.4,23.0,21.0,0.4,0.4,0.4,0.2,2.2,1.8,3.6,0.0,2.4,2.0,0.8,0.0,1.8,1.6,3.6,0.0,2.0,1.0,2.8,0.2,0,1.0,0,5,4
465,2016-03-26,London Irish,6,Worcester,12,Sixways,away,Greg Garner,18,L,Sat,Mar,2015-16,18.2,27.6,22.6,22.0,0.2,0.6,0.0,0.8,1.8,1.0,2.4,0.0,3.2,2.2,2.4,0.0,2.4,1.4,2.6,0.0,2.6,1.2,2.2,0.0,0,1.0,1,10,13
234,2016-03-26,Worcester,12,London Irish,6,Sixways,home,Greg Garner,18,W,Sat,Mar,2015-16,22.6,22.0,18.2,27.6,0.0,0.8,0.2,0.6,2.4,1.4,2.6,0.0,2.6,1.2,2.2,0.0,1.8,1.0,2.4,0.0,3.2,2.2,2.4,0.0,1,1.0,1,13,10
75,2016-03-26,Saracens,36,Exeter,18,Allianz Park,home,Matthew Carley,54,W,Sat,Mar,2015-16,23.0,21.0,25.4,18.4,0.4,0.2,0.4,0.4,1.8,1.6,3.6,0.0,2.0,1.0,2.8,0.2,2.2,1.8,3.6,0.0,2.4,2.0,0.8,0.0,1,0.0,1,4,5
35,2016-03-26,Gloucester,12,Bath,17,Kingsholm,home,Wayne Barnes,29,L,Sat,Mar,2015-16,19.0,18.4,21.8,24.2,0.4,0.2,0.6,0.4,1.8,1.4,2.4,0.0,1.4,1.2,3.0,0.0,2.6,1.4,2.0,0.0,2.2,1.2,3.6,0.0,0,0.0,1,9,2
115,2016-03-26,Bath,17,Gloucester,12,Kingsholm,away,Wayne Barnes,29,W,Sat,Mar,2015-16,21.8,24.2,19.0,18.4,0.6,0.4,0.4,0.2,2.6,1.4,2.0,0.0,2.2,1.2,3.6,0.0,1.8,1.4,2.4,0.0,1.4,1.2,3.0,0.0,1,1.0,0,2,9
154,2016-03-27,Northampton,29,Harlequins,23,Franklin's Gardens,home,Tim Wigglesworth,52,W,Sun,Mar,2015-16,24.2,18.0,21.6,27.8,0.6,0.2,0.6,0.6,3.4,2.4,0.8,0.0,1.2,0.6,3.6,0.0,1.8,1.2,3.4,0.0,2.8,2.4,3.0,0.0,1,0.0,0,1,8
194,2016-03-27,Sale,27,Leicester,20,AJ Bell Stadium,home,Thomas Foley,47,W,Sun,Mar,2015-16,22.2,31.0,28.4,24.2,0.4,0.8,0.6,0.4,2.8,0.8,2.2,0.0,3.8,3.0,2.0,0.0,3.4,3.0,1.6,0.2,2.6,2.0,2.4,0.0,1,0.0,1,7,3
365,2016-03-27,Leicester,20,Sale,27,AJ Bell Stadium,away,Thomas Foley,47,L,Sun,Mar,2015-16,28.4,24.2,22.2,31.0,0.6,0.4,0.4,0.8,3.4,3.0,1.6,0.2,2.6,2.0,2.4,0.0,2.8,0.8,2.2,0.0,3.8,3.0,2.0,0.0,0,1.0,0,3,7
447,2016-03-27,Newcastle,20,Wasps,34,Kingston Park,home,JP Doyle,54,L,Sun,Mar,2015-16,16.4,25.0,30.2,15.4,0.4,0.6,0.8,0.2,1.2,1.0,2.8,0.0,3.0,2.0,2.0,0.0,4.0,3.0,1.4,0.0,2.0,1.2,1.0,0.0,0,0.0,1,11,6
289,2016-03-27,Wasps,34,Newcastle,20,Kingston Park,away,JP Doyle,54,W,Sun,Mar,2015-16,30.2,15.4,16.4,25.0,0.8,0.2,0.4,0.6,4.0,3.0,1.4,0.0,2.0,1.2,1.0,0.0,1.2,1.0,2.8,0.0,3.0,2.0,2.0,0.0,1,1.0,0,6,11
328,2016-03-27,Harlequins,23,Northampton,29,Franklin's Gardens,away,Tim Wigglesworth,52,L,Sun,Mar,2015-16,21.6,27.8,24.2,18.0,0.6,0.6,0.6,0.2,1.8,1.2,3.4,0.0,2.8,2.4,3.0,0.0,3.4,2.4,0.8,0.0,1.2,0.6,3.6,0.0,0,0.0,0,8,1
407,2016-04-01,Bath,10,Saracens,30,The Recreation Ground,home,Greg Garner,40,L,Fri,Apr,2015-16,21.6,21.8,25.2,22.2,0.4,0.6,0.6,0.2,2.8,1.4,1.6,0.0,1.6,1.2,3.8,0.0,2.6,2.2,2.6,0.0,2.4,1.2,2.4,0.2,0,1.0,1,2,4
36,2016-04-01,Saracens,30,Bath,10,The Recreation Ground,away,Greg Garner,40,W,Fri,Apr,2015-16,25.2,22.2,21.6,21.8,0.6,0.2,0.4,0.6,2.6,2.2,2.6,0.0,2.4,1.2,2.4,0.2,2.8,1.4,1.6,0.0,1.6,1.2,3.8,0.0,1,1.0,1,4,2
235,2016-04-02,Sale,30,London Irish,15,Madejski Stadium,away,Craig Maxwell-Keys,45,W,Sat,Apr,2015-16,23.0,28.8,16.4,25.6,0.2,1.0,0.2,0.6,2.6,1.4,2.4,0.0,3.6,3.0,1.6,0.0,1.4,0.8,2.6,0.0,3.0,2.0,2.2,0.0,1,1.0,0,7,10
195,2016-04-02,Gloucester,30,Leicester,35,Welford Road,away,JP Doyle,65,L,Sat,Apr,2015-16,19.0,16.8,28.6,24.6,0.6,0.2,0.6,0.4,1.8,1.4,2.4,0.0,1.8,1.2,1.8,0.0,3.6,3.2,1.2,0.2,3.0,2.4,1.6,0.0,0,0.0,0,9,3
76,2016-04-02,Worcester,12,Exeter,50,Sandy Park,away,Thomas Foley,62,L,Sat,Apr,2015-16,18.8,18.6,24.6,22.6,0.0,0.8,0.4,0.4,1.8,1.0,2.6,0.0,1.8,1.2,2.4,0.0,2.4,1.8,3.0,0.0,3.0,2.6,0.8,0.0,0,1.0,0,13,5
116,2016-04-02,Leicester,35,Gloucester,30,Welford Road,home,JP Doyle,65,W,Sat,Apr,2015-16,28.6,24.6,19.0,16.8,0.6,0.4,0.6,0.2,3.6,3.2,1.2,0.2,3.0,2.4,1.6,0.0,1.8,1.4,2.4,0.0,1.8,1.2,1.8,0.0,1,0.0,0,3,9
290,2016-04-02,Harlequins,46,Newcastle,25,Twickenham Stoop,home,Matthew Carley,71,W,Sat,Apr,2015-16,21.2,29.8,15.2,26.8,0.8,0.6,0.4,0.6,2.0,1.4,2.8,0.0,3.4,2.8,2.4,0.0,1.2,1.0,2.4,0.0,3.4,2.2,1.8,0.0,1,0.0,0,8,11
155,2016-04-02,Newcastle,25,Harlequins,46,Twickenham Stoop,away,Matthew Carley,71,L,Sat,Apr,2015-16,15.2,26.8,21.2,29.8,0.4,0.6,0.8,0.6,1.2,1.0,2.4,0.0,3.4,2.2,1.8,0.0,2.0,1.4,2.8,0.0,3.4,2.8,2.4,0.0,0,0.0,0,11,8
466,2016-04-02,Exeter,50,Worcester,12,Sandy Park,home,Thomas Foley,62,W,Sat,Apr,2015-16,24.6,22.6,18.8,18.6,0.4,0.4,0.0,0.8,2.4,1.8,3.0,0.0,3.0,2.6,0.8,0.0,1.8,1.0,2.6,0.0,1.8,1.2,2.4,0.0,1,0.0,1,5,13
366,2016-04-02,London Irish,15,Sale,30,Madejski Stadium,home,Craig Maxwell-Keys,45,L,Sat,Apr,2015-16,16.4,25.6,23.0,28.8,0.2,0.6,0.2,1.0,1.4,0.8,2.6,0.0,3.0,2.0,2.2,0.0,2.6,1.4,2.4,0.0,3.6,3.0,1.6,0.0,0,0.0,1,10,7
448,2016-04-03,Northampton,6,Wasps,28,Ricoh Arena,away,Luke Pearce,34,L,Sun,Apr,2015-16,25.0,17.4,32.2,15.8,0.6,0.4,1.0,0.0,3.6,2.6,0.6,0.0,1.2,0.6,3.4,0.0,4.4,3.6,1.0,0.0,2.0,1.4,1.0,0.0,0,1.0,1,1,6
329,2016-04-03,Wasps,28,Northampton,6,Ricoh Arena,home,Luke Pearce,34,W,Sun,Apr,2015-16,32.2,15.8,25.0,17.4,1.0,0.0,0.6,0.4,4.4,3.6,1.0,0.0,2.0,1.4,1.0,0.0,3.6,2.6,0.6,0.0,1.2,0.6,3.4,0.0,1,1.0,1,6,1
77,2016-04-15,Gloucester,16,Exeter,9,Kingsholm,home,Craig Maxwell-Keys,25,W,Fri,Apr,2015-16,18.6,22.6,29.4,21.6,0.6,0.4,0.6,0.4,1.6,1.4,2.6,0.0,2.8,1.6,1.8,0.0,3.6,2.4,2.2,0.0,3.0,2.4,0.6,0.0,1,0.0,1,9,5
117,2016-04-15,Exeter,9,Gloucester,16,Kingsholm,away,Craig Maxwell-Keys,25,L,Fri,Apr,2015-16,29.4,21.6,18.6,22.6,0.6,0.4,0.6,0.4,3.6,2.4,2.2,0.0,3.0,2.4,0.6,0.0,1.6,1.4,2.6,0.0,2.8,1.6,1.8,0.0,0,1.0,0,5,9
330,2016-04-16,Leicester,30,Northampton,24,Franklin's Gardens,away,Tim Wigglesworth,54,W,Sat,Apr,2015-16,26.2,26.6,18.6,19.4,0.6,0.6,0.4,0.4,3.2,2.4,1.6,0.2,3.0,2.8,2.0,0.0,2.4,1.8,1.0,0.0,1.4,0.8,3.6,0.0,1,1.0,0,3,1
196,2016-04-16,Northampton,24,Leicester,30,Franklin's Gardens,home,Tim Wigglesworth,54,L,Sat,Apr,2015-16,18.6,19.4,26.2,26.6,0.4,0.4,0.6,0.6,2.4,1.8,1.0,0.0,1.4,0.8,3.6,0.0,3.2,2.4,1.6,0.2,3.0,2.8,2.0,0.0,0,0.0,1,1,3
467,2016-04-16,Wasps,54,Worcester,35,Sixways,away,JP Doyle,89,W,Sat,Apr,2015-16,29.4,15.0,17.6,21.0,0.8,0.0,0.0,0.8,3.8,2.8,1.6,0.0,1.6,1.4,1.4,0.0,1.8,1.0,2.2,0.0,2.2,1.4,2.4,0.0,1,1.0,0,6,13
408,2016-04-16,Harlequins,12,Saracens,22,Wembley Stadium,away,Greg Garner,34,L,Sat,Apr,2015-16,28.4,26.4,24.0,17.0,1.0,0.4,0.6,0.0,2.8,2.4,3.2,0.0,2.8,2.0,2.8,0.0,2.4,1.8,2.8,0.0,1.6,1.2,2.0,0.2,0,1.0,1,8,4
449,2016-04-16,Worcester,35,Wasps,54,Sixways,home,JP Doyle,89,L,Sat,Apr,2015-16,17.6,21.0,29.4,15.0,0.0,0.8,0.8,0.0,1.8,1.0,2.2,0.0,2.2,1.4,2.4,0.0,3.8,2.8,1.6,0.0,1.6,1.4,1.4,0.0,0,0.0,1,13,6
156,2016-04-16,Saracens,22,Harlequins,12,Wembley Stadium,home,Greg Garner,34,W,Sat,Apr,2015-16,24.0,17.0,28.4,26.4,0.6,0.0,1.0,0.4,2.4,1.8,2.8,0.0,1.6,1.2,2.0,0.2,2.8,2.4,3.2,0.0,2.8,2.0,2.8,0.0,1,1.0,1,4,8
236,2016-04-17,Newcastle,13,London Irish,6,Kingston Park,home,Wayne Barnes,19,W,Sun,Apr,2015-16,19.0,29.6,15.4,22.2,0.4,0.6,0.2,0.4,1.8,1.4,2.4,0.0,3.8,2.6,1.8,0.0,1.2,0.8,2.6,0.0,2.2,1.4,2.8,0.0,1,0.0,0,11,10
367,2016-04-17,Bath,17,Sale,29,AJ Bell Stadium,away,Luke Pearce,46,L,Sun,Apr,2015-16,20.2,22.6,21.8,24.6,0.4,0.8,0.0,0.8,2.6,1.2,1.6,0.0,2.0,1.2,3.4,0.0,2.2,1.8,2.4,0.0,3.0,2.4,1.6,0.0,0,0.0,1,2,7
37,2016-04-17,Sale,29,Bath,17,AJ Bell Stadium,home,Luke Pearce,46,W,Sun,Apr,2015-16,21.8,24.6,20.2,22.6,0.0,0.8,0.4,0.8,2.2,1.8,2.4,0.0,3.0,2.4,1.6,0.0,2.6,1.2,1.6,0.0,2.0,1.2,3.4,0.0,1,1.0,0,7,2
291,2016-04-17,London Irish,6,Newcastle,13,Kingston Park,away,Wayne Barnes,19,L,Sun,Apr,2015-16,15.4,22.2,19.0,29.6,0.2,0.4,0.4,0.6,1.2,0.8,2.6,0.0,2.2,1.4,2.8,0.0,1.8,1.4,2.4,0.0,3.8,2.6,1.8,0.0,0,0.0,0,10,11
38,2016-04-23,Sale,26,Bath,32,The Recreation Ground,away,Ian Tempest,58,L,Sat,Apr,2015-16,21.8,23.4,18.6,25.0,0.2,0.6,0.2,1.0,2.6,2.0,1.6,0.0,2.8,2.0,1.8,0.0,2.0,1.0,2.2,0.0,2.6,1.8,2.8,0.0,0,1.0,0,7,2
368,2016-04-23,Bath,32,Sale,26,The Recreation Ground,home,Ian Tempest,58,W,Sat,Apr,2015-16,18.6,25.0,21.8,23.4,0.2,1.0,0.2,0.6,2.0,1.0,2.2,0.0,2.6,1.8,2.8,0.0,2.6,2.0,1.6,0.0,2.8,2.0,1.8,0.0,1,0.0,1,2,7
118,2016-04-29,Sale,11,Gloucester,12,AJ Bell Stadium,home,Thomas Foley,23,L,Fri,Apr,2015-16,24.8,24.6,19.2,22.4,0.6,0.6,0.6,0.4,3.2,2.6,1.2,0.0,2.8,2.0,2.2,0.0,1.6,1.4,2.8,0.0,2.6,1.4,2.2,0.0,0,0.0,1,7,9
369,2016-04-29,Gloucester,12,Sale,11,AJ Bell Stadium,away,Thomas Foley,23,W,Fri,Apr,2015-16,19.2,22.4,24.8,24.6,0.6,0.4,0.6,0.6,1.6,1.4,2.8,0.0,2.6,1.4,2.2,0.0,3.2,2.6,1.2,0.0,2.8,2.0,2.2,0.0,1,1.0,0,9,7
197,2016-04-30,Worcester,17,Leicester,31,Welford Road,away,Greg Garner,48,L,Sat,Apr,2015-16,21.6,29.0,26.0,26.0,0.2,0.8,0.4,0.6,2.6,1.0,2.2,0.0,3.6,2.8,1.8,0.0,3.0,2.2,2.0,0.2,2.8,2.4,2.4,0.0,0,0.0,1,13,3
39,2016-04-30,Northampton,15,Bath,14,Franklin's Gardens,home,Wayne Barnes,29,W,Sat,Apr,2015-16,19.4,22.4,19.4,23.2,0.6,0.2,0.2,1.2,2.4,1.6,1.4,0.0,2.0,1.4,3.2,0.0,2.2,1.2,2.0,0.0,2.6,1.8,2.2,0.0,1,0.0,1,1,2
468,2016-04-30,Leicester,31,Worcester,17,Welford Road,home,Greg Garner,48,W,Sat,Apr,2015-16,26.0,26.0,21.6,29.0,0.4,0.6,0.2,0.8,3.0,2.2,2.0,0.2,2.8,2.4,2.4,0.0,2.6,1.0,2.2,0.0,3.6,2.8,1.8,0.0,1,1.0,0,3,13
331,2016-04-30,Bath,14,Northampton,15,Franklin's Gardens,away,Wayne Barnes,29,L,Sat,Apr,2015-16,19.4,23.2,19.4,22.4,0.2,1.2,0.6,0.2,2.2,1.2,2.0,0.0,2.6,1.8,2.2,0.0,2.4,1.6,1.4,0.0,2.0,1.4,3.2,0.0,0,1.0,0,2,1
78,2016-05-01,Wasps,3,Exeter,24,Sandy Park,away,Matthew Carley,27,L,Sun,May,2015-16,38.2,19.4,25.8,18.6,0.8,0.2,0.6,0.2,5.2,4.0,1.4,0.0,2.6,1.4,1.2,0.0,3.0,1.8,2.4,0.0,2.4,1.8,1.0,0.0,0,1.0,0,6,5
237,2016-05-01,Harlequins,32,London Irish,25,Madejski Stadium,away,JP Doyle,57,W,Sun,May,2015-16,26.2,25.0,13.2,19.8,0.8,0.4,0.4,0.2,2.4,2.0,3.4,0.0,3.0,2.0,2.0,0.0,1.0,0.8,2.2,0.0,1.6,1.4,3.0,0.0,1,0.0,0,8,10
292,2016-05-01,Saracens,23,Newcastle,14,Allianz Park,home,Ian Tempest,37,W,Sun,May,2015-16,25.4,15.4,18.8,27.8,0.4,0.0,0.2,0.8,3.0,2.2,2.0,0.0,1.2,0.8,2.4,0.2,1.8,1.6,2.2,0.0,3.4,2.4,2.0,0.0,1,1.0,1,4,11
450,2016-05-01,Exeter,24,Wasps,3,Sandy Park,home,Matthew Carley,27,W,Sun,May,2015-16,25.8,18.6,38.2,19.4,0.6,0.2,0.8,0.2,3.0,1.8,2.4,0.0,2.4,1.8,1.0,0.0,5.2,4.0,1.4,0.0,2.6,1.4,1.2,0.0,1,0.0,1,5,6
409,2016-05-01,Newcastle,14,Saracens,23,Allianz Park,away,Ian Tempest,37,L,Sun,May,2015-16,18.8,27.8,25.4,15.4,0.2,0.8,0.4,0.0,1.8,1.6,2.2,0.0,3.4,2.4,2.0,0.0,3.0,2.2,2.0,0.0,1.2,0.8,2.4,0.2,0,1.0,1,11,4
157,2016-05-01,London Irish,25,Harlequins,32,Madejski Stadium,home,JP Doyle,57,L,Sun,May,2015-16,13.2,19.8,26.2,25.0,0.4,0.2,0.8,0.4,1.0,0.8,2.2,0.0,1.6,1.4,3.0,0.0,2.4,2.0,3.4,0.0,3.0,2.0,2.0,0.0,0,0.0,0,10,8
40,2016-05-07,Leicester,27,Bath,38,The Recreation Ground,away,Craig Maxwell-Keys,65,L,Sat,May,2015-16,27.4,22.2,18.0,22.4,0.6,0.4,0.4,1.0,3.2,2.4,2.0,0.2,2.2,2.0,2.4,0.0,2.2,1.4,1.4,0.0,2.8,1.8,1.6,0.0,0,1.0,0,3,2
79,2016-05-07,Harlequins,24,Exeter,62,Twickenham Stoop,home,Wayne Barnes,86,L,Sat,May,2015-16,25.6,24.4,24.2,15.8,0.8,0.4,0.4,0.2,2.4,2.0,3.2,0.0,3.0,2.0,1.8,0.0,2.8,1.8,2.2,0.0,2.0,1.4,1.0,0.0,0,1.0,1,8,5
158,2016-05-07,Exeter,62,Harlequins,24,Twickenham Stoop,away,Wayne Barnes,86,W,Sat,May,2015-16,24.2,15.8,25.6,24.4,0.4,0.2,0.8,0.4,2.8,1.8,2.2,0.0,2.0,1.4,1.0,0.0,2.4,2.0,3.2,0.0,3.0,2.0,1.8,0.0,1,1.0,1,5,8
451,2016-05-07,London Irish,12,Wasps,38,Ricoh Arena,away,Thomas Foley,50,L,Sat,May,2015-16,15.0,21.0,31.6,19.4,0.6,0.4,0.6,0.2,1.4,1.0,2.0,0.0,2.0,1.6,2.6,0.0,4.2,3.2,1.4,0.0,2.6,1.4,1.2,0.0,0,0.0,0,10,6
119,2016-05-07,Northampton,28,Gloucester,20,Kingsholm,away,JP Doyle,48,W,Sat,May,2015-16,17.2,23.0,17.6,19.0,0.4,0.4,0.6,0.6,2.0,1.2,1.6,0.0,2.2,1.8,2.8,0.0,1.2,1.0,3.2,0.0,2.2,1.0,2.0,0.0,1,1.0,1,1,9
370,2016-05-07,Newcastle,15,Sale,21,Kingston Park,home,Matthew Carley,36,L,Sat,May,2015-16,18.2,26.0,24.6,19.2,0.2,0.6,0.8,0.4,1.8,1.6,2.0,0.0,3.2,2.0,2.0,0.0,3.0,2.4,1.6,0.0,1.8,1.2,2.6,0.0,0,0.0,0,11,7
198,2016-05-07,Bath,38,Leicester,27,The Recreation Ground,home,Craig Maxwell-Keys,65,W,Sat,May,2015-16,18.0,22.4,27.4,22.2,0.4,1.0,0.6,0.4,2.2,1.4,1.4,0.0,2.8,1.8,1.6,0.0,3.2,2.4,2.0,0.2,2.2,2.0,2.4,0.0,1,0.0,1,2,3
238,2016-05-07,Wasps,38,London Irish,12,Ricoh Arena,home,Thomas Foley,50,W,Sat,May,2015-16,31.6,19.4,15.0,21.0,0.6,0.2,0.6,0.4,4.2,3.2,1.4,0.0,2.6,1.4,1.2,0.0,1.4,1.0,2.0,0.0,2.0,1.6,2.6,0.0,1,0.0,0,6,10
293,2016-05-07,Sale,21,Newcastle,15,Kingston Park,away,Matthew Carley,36,W,Sat,May,2015-16,24.6,19.2,18.2,26.0,0.8,0.4,0.2,0.6,3.0,2.4,1.6,0.0,1.8,1.2,2.6,0.0,1.8,1.6,2.0,0.0,3.2,2.0,2.0,0.0,1,0.0,0,7,11
332,2016-05-07,Gloucester,20,Northampton,28,Kingsholm,home,JP Doyle,48,L,Sat,May,2015-16,17.6,19.0,17.2,23.0,0.6,0.6,0.4,0.4,1.2,1.0,3.2,0.0,2.2,1.0,2.0,0.0,2.0,1.2,1.6,0.0,2.2,1.8,2.8,0.0,0,1.0,1,9,1
410,2016-05-07,Worcester,19,Saracens,43,Sixways,home,Luke Pearce,62,L,Sat,May,2015-16,19.4,31.2,24.8,15.0,0.2,1.0,0.4,0.0,2.4,1.0,1.8,0.0,4.0,3.2,1.6,0.0,3.2,2.0,1.6,0.0,1.4,1.0,1.8,0.2,0,0.0,1,13,4
469,2016-05-07,Saracens,43,Worcester,19,Sixways,away,Luke Pearce,62,W,Sat,May,2015-16,24.8,15.0,19.4,31.2,0.4,0.0,0.2,1.0,3.2,2.0,1.6,0.0,1.4,1.0,1.8,0.2,2.4,1.0,1.8,0.0,4.0,3.2,1.6,0.0,1,1.0,0,4,13
452,2016-05-21,Exeter,34,Wasps,23,Sandy Park,home,Greg Garner,57,W,Sat,May,2015-16,32.6,18.2,31.4,19.4,0.6,0.2,0.6,0.2,4.6,3.0,1.2,0.0,2.2,1.8,1.2,0.0,4.4,2.6,1.4,0.0,2.6,1.4,1.2,0.0,1,1.0,1,5,6
199,2016-05-21,Saracens,44,Leicester,17,Allianz Park,home,JP Doyle,61,W,Sat,May,2015-16,30.8,14.6,28.6,27.2,0.6,0.0,0.8,0.6,4.2,2.8,1.4,0.0,1.6,1.2,1.4,0.0,3.6,2.6,1.8,0.0,3.0,2.8,2.2,0.0,1,1.0,0,4,3
411,2016-05-21,Leicester,17,Saracens,44,Allianz Park,away,JP Doyle,61,L,Sat,May,2015-16,28.6,27.2,30.8,14.6,0.8,0.6,0.6,0.0,3.6,2.6,1.8,0.0,3.0,2.8,2.2,0.0,4.2,2.8,1.4,0.0,1.6,1.2,1.4,0.0,0,0.0,1,3,4
80,2016-05-21,Wasps,23,Exeter,34,Sandy Park,away,Greg Garner,57,L,Sat,May,2015-16,31.4,19.4,32.6,18.2,0.6,0.2,0.6,0.2,4.4,2.6,1.4,0.0,2.6,1.4,1.2,0.0,4.6,3.0,1.2,0.0,2.2,1.8,1.2,0.0,0,1.0,1,6,5
81,2016-05-28,Saracens,28,Exeter,20,Twickenham Stadium,home,Wayne Barnes,48,W,Sat,May,2015-16,32.4,14.4,35.8,15.6,0.4,0.0,0.6,0.0,4.2,3.0,1.8,0.0,1.6,1.4,1.2,0.0,5.0,3.6,1.2,0.0,1.6,1.4,1.6,0.0,1,1.0,1,4,5
412,2016-05-28,Exeter,20,Saracens,28,Twickenham Stadium,away,Wayne Barnes,48,L,Sat,May,2015-16,35.8,15.6,32.4,14.4,0.6,0.0,0.4,0.0,5.0,3.6,1.2,0.0,1.6,1.4,1.6,0.0,4.2,3.0,1.8,0.0,1.6,1.4,1.2,0.0,0,1.0,1,5,4
